id,label
0,c7ljgk
1,c7lml3
2,esgqjcd
3,esgn41w
4,esgkaat
5,esh1ax4
6,esgl9b7
7,c7lrjl
8,c7lunh
9,eshcp2b
10,esghbhi
11,esg4ng3
12,esg3alw
13,esk72al
14,esifhvj
15,esgeo0p
16,esgk3lu
17,esgen54
18,c7m8fx
19,esg6151
20,c7m9df
21,eshkrl5
22,eshb8y0
23,esh5f74
24,esglhom
25,esgjjwl
26,esggngh
27,esgekgd
28,esgaru0
29,esg86gz
30,eshm7pj
31,eshj43o
32,esgo2e1
33,esgqki6
34,c7mb2k
35,c7mdjl
36,esgk3eg
37,esik7i5
38,esgpynk
39,c7mdrw
40,esi1gpv
41,eshsotj
42,esh1qet
43,esh19lr
44,esgz8a3
45,esgw9hz
46,esgw5qa
47,eskd2l4
48,esgw6tp
49,esh45oh
50,esjef6p
51,eshep5w
52,esheuxm
53,eshenco
54,eshdmoa
55,esh4wig
56,esgf1s1
57,esh8k15
58,esh47qj
59,esgso9e
60,esh4r7g
61,esg8not
62,esgehia
63,esh0k88
64,esgv6nb
65,esgtx8k
66,esgy5i0
67,esgw1ms
68,esgw1yc
69,esgutco
70,esgqgpx
71,esgvf52
72,c7mfyl
73,c7mid6
74,esggq06
75,esgpeai
76,c7mkre
77,c7mpzf
78,c7mr3l
79,esj1qg0
80,eshtnsw
81,esh9v04
82,esh7dic
83,esgwfxv
84,esgt9bz
85,esgssw6
86,esgm3gz
87,eshr3rn
88,esgo90e
89,esgm8k3
90,esgew2o
91,eshkf74
92,esgmacz
93,esh3v4b
94,esgnlci
95,esgzg4y
96,esgu3gz
97,esgt6gb
98,esgo93y
99,esgt3qp
100,esgp13s
101,esgkblk
102,esgsj8z
103,esgpl68
104,esgmr8v
105,esglj4n
106,esglx2l
107,esgmbdu
108,esglybc
109,esgkpsw
110,c7muy5
111,esgakj5
112,c7mvnj
113,esh5vf6
114,esh57ge
115,esgl5tg
116,c7mxov
117,c7n8bk
118,esguads
119,esgjuo4
120,esgg1wr
121,esgecbo
122,esh4pvd
123,esguclq
124,c7n8zr
125,esgnoe3
126,esgl6ye
127,eso9jvu
128,c7ngmm
129,et4olth
130,et4ahlk
131,esh4oyl
132,esh4hcq
133,esgxswz
134,esgr3wf
135,esgnn9s
136,esgkl5g
137,esh126i
138,esgwuzd
139,c7ni2d
140,eshwwko
141,esh2kvs
142,esgtrt3
143,esgsamr
144,esgriea
145,esgribf
146,esgj46t
147,esgiyyv
148,ex8tms8
149,c7nxc5
150,esgpx04
151,c7nzbc
152,esh4xvo
153,esh2kbx
154,esgysga
155,esgr68x
156,esgohpk
157,esgkw69
158,esgkyj4
159,c7nzzv
160,et4hy2q
161,et4a6dn
162,et36crr
163,esjh989
164,et37x2h
165,esgxs08
166,et37tt2
167,et36wvk
168,eskmeg2
169,eskp0od
170,eskj78r
171,eskfduq
172,esk4oev
173,esk0ir6
174,esjh0ls
175,eshhrrc
176,esi0kdm
177,esjcv5q
178,esjgche
179,eshb6jj
180,esgtyve
181,esi5xjq
182,esglkqv
183,esi5uon
184,esha93g
185,eshoyhy
186,eshlbqv
187,eshoelh
188,eshgx6w
189,eshmvmv
190,eshk323
191,eshmodh
192,eshkpgr
193,c7o338
194,c7o62m
195,c7o69o
196,esgkuoe
197,c7o6xu
198,eshb6eh
199,eshaiek
200,esh545w
201,esgwwgk
202,esglmhz
203,esndidh
204,esniufl
205,eskxiqt
206,eskxx5s
207,eskttr1
208,eskg70d
209,esk5hzn
210,eshodgt
211,esinzvh
212,eshemaz
213,eshcsjc
214,esinyju
215,eshedv8
216,eshol65
217,eshexkz
218,eshhmax
219,esh2mgg
220,eshfwlg
221,esgrb63
222,c7og3a
223,c7oirk
224,c7orh6
225,esgs09u
226,esgrkjy
227,esgsjpg
228,c7ouml
229,eysu1rs
230,esjo4f1
231,esjk98q
232,esjfrpo
233,eshbmq8
234,esh2jx8
235,esh1sob
236,esh0yd1
237,esh0xll
238,eskv3s5
239,esnd0a6
240,esktgcp
241,eskdmvi
242,esk703h
243,esk78ad
244,esk78hd
245,esgtc6l
246,eshat8n
247,esh3lb2
248,esjt0hp
249,esgsa23
250,esjszrl
251,esig64j
252,esgz0mk
253,esig3v3
254,esgxfa0
255,esifkkh
256,esgplao
257,eshrqny
258,esgtby6
259,esh8xur
260,c7p2aa
261,esh0weh
262,esgwr0o
263,esgtn8i
264,esgqp9h
265,c7p2sl
266,esgqi3u
267,c7p3b6
268,esk3tp6
269,esh9588
270,esnoy03
271,esneoew
272,esnnfi6
273,esk8oir
274,esk7ci5
275,esgshlp
276,esim0ln
277,esk75ec
278,esjn9oq
279,esh1hhq
280,esk739n
281,esk1bml
282,eshgnyd
283,esk0p0a
284,esid12t
285,esj47lo
286,esiwfaq
287,esiwtgr
288,esivwqw
289,esivtg3
290,esiulun
291,eshmtns
292,eshvpq0
293,esir6zb
294,eshx96d
295,esgw6qk
296,esik71d
297,eshuqda
298,esh9dzc
299,esi4jpz
300,eshj0l0
301,eshyp7n
302,eshxnni
303,eshxy68
304,eshxite
305,c7p4ox
306,c7p522
307,eshwd94
308,esh1y81
309,esh73r8
310,esk5zu0
311,esh79ab
312,esh80qm
313,eshw7ua
314,eshcqzm
315,esh753t
316,esh5xp1
317,esh8k4a
318,esh7be9
319,esh6jq6
320,esh82eu
321,esh6oi5
322,c7pb92
323,esh8sfe
324,esh8jtd
325,etq7yd5
326,etqm1m7
327,esk7cz6
328,esk7ly3
329,esk7kt8
330,esk67ep
331,esgwpe2
332,eshbntb
333,esh4r8r
334,esk5xjb
335,esjep5l
336,esjgxv1
337,esjdfvh
338,esj5may
339,esgwrnp
340,esj5yiw
341,esgwuxa
342,esgy6v4
343,esig5wh
344,esgyyip
345,esig2sy
346,esh3dv6
347,esifmr9
348,esh28zg
349,eshhr8i
350,eshhnd6
351,eshc4g4
352,eshawid
353,eshgh3x
354,eshdoab
355,eshezad
356,esgsg8a
357,c7pfpw
358,esgw8z4
359,esgxhp3
360,c7pfrl
361,c7pibb
362,c7pk7g
363,c7plau
364,c7plqa
365,c7pmi0
366,c7pns9
367,c7psj7
368,c7pw8k
369,esis8s1
370,eslwwzn
371,esmi973
372,esllgry
373,c7pyjc
374,esituzi
375,eshoz30
376,eshkmgy
377,eshh6rz
378,eshh2o7
379,eshcy6u
380,esh853k
381,esh7a0n
382,esj43pt
383,eshtymp
384,eshsd4o
385,esiw05d
386,eshohg7
387,c7q2fy
388,c7q2pi
389,esjvm7p
390,esjng67
391,esjlzbe
392,esj3hth
393,esiyaqm
394,esi0gr1
395,eshvhyl
396,esht6h1
397,eshrbw1
398,eshrbcn
399,eshqt3k
400,esk2pv9
401,esk576c
402,esk2olv
403,esk2owi
404,eshx1al
405,esk1kbi
406,eshh8dd
407,eshxchs
408,eshee84
409,eshx8xm
410,esht4v4
411,eshdrkv
412,esher4u
413,eshu3j2
414,eshf2i4
415,esht8oi
416,esh7f4g
417,eshko1s
418,eshdhwu
419,eshj4b1
420,esgy54g
421,eshi6mi
422,c7q44j
423,c7q7ab
424,c7q81m
425,esgxt17
426,esgxw02
427,c7q949
428,esicvfj
429,eshe2wk
430,esh1cju
431,esh09ft
432,esgz0d6
433,esgyi8y
434,esgxvo8
435,esjvgqy
436,eskv6dq
437,esk54ls
438,esjpmtc
439,esjvqtn
440,esjt7eu
441,esh1ovo
442,eshddsk
443,esh0nwf
444,esh1vif
445,esgzfmi
446,esgzy4i
447,esgxknv
448,esgyb36
449,esgyf7k
450,esgxl66
451,esgxi6n
452,esgxmz4
453,esgx8xe
454,esgxcuj
455,c7qkn5
456,eshl982
457,esh18rj
458,eshm5ga
459,eshlw2w
460,c7qm9o
461,c7qndd
462,c7qoaf
463,esh25zx
464,esh0b3w
465,c7qwal
466,c7qwqn
467,esh2gsy
468,esh18vm
469,esh0z6v
470,esh0ow8
471,c7qzo4
472,c7r19s
473,c7r23g
474,esh42ss
475,esh38ii
476,eshebu9
477,eshsqwj
478,eshda1s
479,eshbxao
480,eshcpuv
481,esh94ab
482,c7r2zq
483,eshzb6r
484,esh63gt
485,esh3i7t
486,esh3bji
487,esh1x6w
488,esh1q4h
489,esh1i6y
490,esi3tlm
491,esi45mo
492,esi3kbi
493,esh9kpt
494,esh7lu1
495,esh5ltv
496,esh23o7
497,esh71qc
498,esh65qn
499,esh3ckq
500,esh40en
501,esh270s
502,esh1zos
503,esh1ryc
504,c7r3to
505,c7r5et
506,c7r5n5
507,c7r6r5
508,esh3qcv
509,c7r6to
510,eshbxex
511,c7r70v
512,c7r7q3
513,c7r977
514,c7r99x
515,c7rfel
516,c7rhne
517,c7ri8p
518,esh3rrv
519,c7ribn
520,c7rlgd
521,eskchc3
522,eskef2o
523,eskccew
524,eshhd33
525,eshz3lc
526,eshhp39
527,esj1ka3
528,esj6nfl
529,esj1p08
530,esj68t3
531,esi14cn
532,esia2bk
533,esj16kv
534,esher42
535,eshi8re
536,eshhon6
537,esi9xc3
538,eshg6dj
539,eshhihq
540,eshhzz1
541,eshjnwf
542,eshguwa
543,eshgt98
544,eshgopb
545,eshgmlc
546,esheiej
547,eshe17r
548,eshd5gy
549,eshfi4a
550,c7rloj
551,c7rmgn
552,eshpo1a
553,esh5y8l
554,eshdmea
555,eshxffv
556,esh61nc
557,c7rrhe
558,c7rt0j
559,esh9s42
560,c7ruxr
561,esk62wg
562,esk8knj
563,c7rvr4
564,esh928d
565,c7rx97
566,esiayn8
567,eshg2x8
568,eshd19g
569,esh737p
570,esitox4
571,esilg2d
572,esiocu5
573,esiiv13
574,esimp8s
575,esidsry
576,esicu6s
577,eshy5j0
578,eshxsmd
579,eshwnom
580,eshvlux
581,eshuai6
582,eshsvdh
583,eshryfi
584,eshrsao
585,eshpzi0
586,eshh5ql
587,eshjrpa
588,eshc595
589,esha4h6
590,c7rxb4
591,c7ryha
592,c7s14o
593,eshcir3
594,esh8lil
595,esh87qn
596,esh7pis
597,eshcpzw
598,esjpap9
599,eshk4u2
600,eshk23i
601,esjoueh
602,eshgmbl
603,eshvtnf
604,eshfodi
605,eshd8su
606,esha5il
607,eshaut1
608,eshbw3j
609,esh9fhi
610,esh99ef
611,c7s192
612,esjqvdh
613,esjgpxb
614,esj9f93
615,esj9edz
616,esj8vcz
617,esitq9i
618,esif1q4
619,esidd8i
620,esi17h6
621,eshzes3
622,eskvlhj
623,esjqxki
624,esjrggr
625,esjdjd5
626,esjjxzv
627,eshpzv6
628,esjqguu
629,esi3pud
630,esi14h3
631,esjj5nt
632,esjbw3e
633,esjahpq
634,esi8tin
635,esj6oc8
636,esh8973
637,esi8hew
638,eshq9a2
639,esi4nvw
640,c7s260
641,esjgsn7
642,esj5dve
643,esidlwm
644,eshlfs9
645,eshkotb
646,esjcav1
647,eskrumn
648,esjhmz4
649,esjhs38
650,eshvsxe
651,eshtqhp
652,eshtnkj
653,esjc91b
654,eshvpmb
655,esi0fjz
656,eshm2p1
657,c7s7ri
658,c7s9ra
659,esjlnqb
660,eshaqjk
661,esh99qo
662,esh8k7k
663,eshvr5i
664,esipffn
665,esht2w0
666,eshbefi
667,eshit8q
668,eshm5mz
669,eshsmoz
670,eshb3gt
671,eshlp3x
672,eshclz5
673,eshjm80
674,eshk9vm
675,eshj324
676,eshix2r
677,eshiknx
678,eshhu2r
679,eshhfal
680,eshh6f3
681,eshg6c3
682,eshe84h
683,c7sbhh
684,esi0nsf
685,eshay72
686,esh9vee
687,esh92fv
688,esh92fj
689,esh8sjj
690,esikg6o
691,eshb4l5
692,esi8xa1
693,eshbgyt
694,esi8rmp
695,eshmdqr
696,eshzv4z
697,esh9o4b
698,esh94tk
699,eshsl4c
700,eshcb72
701,eshaneq
702,eshbz6m
703,esh9cub
704,esha74h
705,c7scj3
706,esipxwc
707,esh99ms
708,c7scpj
709,c7sdth
710,esm5ww3
711,esjplfx
712,esj9th2
713,esiml6p
714,eshp6dc
715,eshoshp
716,eshbx5l
717,eshl0ay
718,c7se9p
719,esh9may
720,c7serx
721,c7sgh3
722,c7sisy
723,eshw08v
724,eshex16
725,eshbfq4
726,eshap94
727,eshao9p
728,esia0y8
729,esityca
730,eshemfa
731,esi9n0a
732,eshkd6c
733,eshcuph
734,eshfahv
735,esi88o6
736,esi67kz
737,esi65bq
738,esi2o94
739,eshe8uj
740,eshi75n
741,eshdb6j
742,esheuvx
743,eshc67h
744,eshbmpo
745,eshc3m7
746,eshbhyx
747,c7skpt
748,eshbsdr
749,c7snl5
750,c7sov6
751,esihksm
752,eshw37p
753,eshe51j
754,esjbf5m
755,c7spa6
756,esi7wmm
757,c7spb4
758,esi1qkz
759,eshfeqr
760,eshdpg7
761,eshcvw8
762,eshcrs5
763,eshcbfp
764,eshc8xu
765,eshc0z4
766,eshby3d
767,eshbmmv
768,eshbkd0
769,eshbg8w
770,eshl67l
771,eshc0ng
772,eshdzdi
773,eshdndt
774,eshdwqn
775,eshdt2g
776,eshcko6
777,eshdjq4
778,eshdpcd
779,eshd3c7
780,eshcsgh
781,eshcz0p
782,eshbk9y
783,eshcmkq
784,eshccu2
785,c7sq73
786,eshdtfy
787,c7sqmy
788,eshdske
789,esi9nh5
790,esiavd1
791,c7sr22
792,esjpshv
793,esytilr
794,esyu30a
795,eswwvg4
796,eswjjwk
797,eswblgz
798,esrq2j6
799,eswbxau
800,esqqnkm
801,esnzimq
802,esmsybd
803,esm2qec
804,esmt6v7
805,esm1sx3
806,eskea9f
807,eskeagz
808,esjh2e6
809,esl1dii
810,eskdb73
811,esje20r
812,eske5dk
813,esikh87
814,esjdz99
815,esjplvj
816,esje11t
817,esiymls
818,esja2ba
819,esj7u07
820,esjb15e
821,c7srpb
822,esk4t0g
823,esjpd57
824,esjp1be
825,esiq7vz
826,esibag1
827,esia05v
828,esi76wd
829,eshguil
830,eskjyvf
831,eshfntn
832,eskjm85
833,esjm5vj
834,eskfh37
835,esi45jy
836,esk4x83
837,eshfg2y
838,esjs96b
839,esi4ft3
840,esj4kzf
841,eshbujt
842,esj23nc
843,eshd5my
844,esiqmlz
845,esiimr5
846,esij5bl
847,esii6gw
848,esihhv1
849,eshg5ba
850,eshfc16
851,esia48g
852,eshdm7c
853,esi7kc2
854,esi4hgh
855,esi5kjv
856,esi53y3
857,esi3917
858,c7sryj
859,eshc2pf
860,c7sss5
861,eshcdv5
862,eshc9ni
863,eshdd4n
864,eshdal2
865,c7st34
866,c7sty5
867,c7su0s
868,et4x7wg
869,et4a5xz
870,eshobmt
871,eshd9us
872,eshcjd0
873,eshcgr6
874,esirl78
875,esj0fly
876,esil741
877,esih6qk
878,esib1xb
879,eshczba
880,eshggdq
881,eshpg1t
882,eshh15v
883,eshfy2r
884,eshe4ze
885,eshe6pd
886,eshf7h0
887,eshe2mb
888,eshd28t
889,eshdwqq
890,eshdkq4
891,eshde1t
892,c7suw1
893,esk7pn6
894,eshrgg8
895,eshfhsd
896,eshcqnv
897,eshcj1n
898,eshd6kb
899,eshtrfr
900,eshe100
901,eshe002
902,eshdzlc
903,eshelo3
904,c7suwj
905,et4a7dh
906,esj3eta
907,eshlrii
908,eshdtzo
909,eshcvek
910,exe157e
911,exe2dpn
912,exe0rcb
913,exdyyrc
914,esnvvzl
915,esnf41w
916,esk8adq
917,esk7g1u
918,esk6xxb
919,esk525i
920,eshe3oi
921,eshohyw
922,eshhzrb
923,eshifog
924,eshgyko
925,eshgq46
926,c7swjo
927,eshcxgz
928,c7sx23
929,c7sz3t
930,c7t06u
931,eshkhi2
932,eshe78k
933,eshdwwv
934,eshew8n
935,eshez7m
936,c7t0a7
937,c7t21z
938,esmjjjn
939,eskgzq0
940,esjui5j
941,esieu0z
942,esiaczc
943,eshehp3
944,eshe9oe
945,eshemvu
946,eshflzu
947,esheo56
948,c7t2b4
949,et4a7xq
950,esherod
951,eshekgo
952,eshedby
953,esk56kw
954,eskh7q1
955,eshelxd
956,esi56ap
957,eshiffs
958,eshk21t
959,eshilai
960,eshhb9k
961,eshk0cn
962,eshjxax
963,esheuu1
964,eshekbt
965,c7t2go
966,c7t2lz
967,eshdx19
968,c7t3b1
969,eshi6qt
970,eshh15m
971,eshepfp
972,eshe54r
973,esirm6f
974,eshlu6l
975,esi37wu
976,esip8ui
977,eshed1i
978,esip4wf
979,esi81gr
980,esi1ylj
981,eshwvs7
982,esi800t
983,eshgxfp
984,c7t3cz
985,esjl225
986,esi04zx
987,eshw3ie
988,eshpudy
989,eshp0pj
990,eske7nx
991,esk2jj8
992,eshyyip
993,esjt2kd
994,esjte7e
995,esibqvv
996,esjt4sr
997,eshswzi
998,esjn9xn
999,esi66fa
1000,esigpeg
1001,esheodz
1002,esi9ues
1003,eshh7wj
1004,esi8dkk
1005,eshxuig
1006,eshy3fq
1007,esi25qn
1008,eshevne
1009,eshq7lg
1010,eshg5bo
1011,eshh5b1
1012,eshfzj6
1013,c7t5d8
1014,et4ai89
1015,eshswl7
1016,esheo6r
1017,eshepxq
1018,c7t7ap
1019,c7t7k7
1020,eshldse
1021,esheyaw
1022,c7t7nh
1023,eshgw5m
1024,eshh5sr
1025,esk873r
1026,c7t87h
1027,f4n5ctt
1028,esidbwx
1029,f4ndmmb
1030,esjyiey
1031,f4nbmm9
1032,esje7vq
1033,f4n998w
1034,esjbvpf
1035,f4n7aoe
1036,f4jx9gg
1037,f4l9aox
1038,f4j8kx8
1039,f4dbdsp
1040,f4ate8v
1041,f4alu79
1042,f4a84lh
1043,f45hvtp
1044,f45gcmm
1045,f42njbq
1046,f41r7qn
1047,eslh6is
1048,f41tm9l
1049,f41q546
1050,f41pcck
1051,esk5fwo
1052,eshwfz5
1053,f41n39o
1054,esokusl
1055,f41ksnk
1056,esjoozp
1057,ev3rnt3
1058,esoodn5
1059,eu9hr9q
1060,etlx9vs
1061,etmml6b
1062,etlxnid
1063,etm25gd
1064,c7t9p1
1065,esjjqxw
1066,esi1x3m
1067,eshgfse
1068,esk7vda
1069,eshgtbp
1070,c7t9vx
1071,eshhime
1072,eshg1d0
1073,eshg0jf
1074,eshfv8b
1075,eshfs82
1076,eshfmev
1077,eshfmdz
1078,eshfkh2
1079,eshg4q8
1080,eshgrh4
1081,eshg3f2
1082,eshg26q
1083,eshfsu7
1084,c7tarp
1085,c7tawr
1086,c7tb9w
1087,eshp4ap
1088,eshlh2u
1089,eshjh9i
1090,eshhx3j
1091,eshht8z
1092,eshhs3z
1093,eshgtcv
1094,eshg6c6
1095,eshqbq3
1096,c7tbvn
1097,eshhlkt
1098,eshrgak
1099,esi3bdh
1100,eshiioi
1101,c7td95
1102,esmpb97
1103,esl035a
1104,esxi800
1105,esycxxt
1106,esvtfl4
1107,esknesl
1108,esqq027
1109,esr9t1l
1110,esojl8z
1111,eso0n6f
1112,esibrhi
1113,eska9nu
1114,esmlg4l
1115,eskakbp
1116,esk1oqr
1117,eslugj3
1118,eskbih7
1119,esk6h8t
1120,eskx01t
1121,eskoy6k
1122,eskw025
1123,esk1nr2
1124,eskus4l
1125,eshp5cc
1126,esktvf6
1127,esko7qz
1128,eske5vr
1129,eskmyeu
1130,eskdp1y
1131,esjddrf
1132,eskba7f
1133,esje9wt
1134,c7te13
1135,c7teh3
1136,esjr32n
1137,eshhotl
1138,eshm6aj
1139,esi85eo
1140,c7tes1
1141,eshh5yp
1142,c7tf58
1143,et4a9mw
1144,eshsfgi
1145,eshjx8l
1146,eshj9rj
1147,et4aauv
1148,esiqc5x
1149,c7tfj1
1150,esi0fzv
1151,eshhzjl
1152,eshifc6
1153,c7tgss
1154,esjgkk4
1155,esmbooa
1156,eskakbc
1157,eshupl2
1158,esmb2bb
1159,eskn6lp
1160,esl3asz
1161,esk4x8h
1162,esl152t
1163,esk6gv1
1164,esjfdxz
1165,eskollg
1166,eskjxij
1167,esk1lfj
1168,esi5fcb
1169,esj2m98
1170,esiybun
1171,esk0qes
1172,esiu228
1173,esk08pw
1174,esiy0o8
1175,esjwmvr
1176,esj0ekx
1177,esjvzsz
1178,esjcl9t
1179,esjmopf
1180,eshnptt
1181,esjmkrd
1182,esivgvk
1183,esjktu1
1184,esi6jcy
1185,eshr6q3
1186,esioudc
1187,esjeugf
1188,esiiofo
1189,esigzum
1190,eshs2ge
1191,esiz67s
1192,esj07nu
1193,c7thc6
1194,eshiklp
1195,c7thm1
1196,esip00s
1197,esi9ff8
1198,esi66k8
1199,eshoizb
1200,eshhdnn
1201,eshh7yz
1202,eshh3qv
1203,c7ti56
1204,c7tiaz
1205,c7tikf
1206,c7tjap
1207,eshk58g
1208,eshjepn
1209,eshj3fp
1210,eshiohw
1211,eshi6yl
1212,eshhfgq
1213,eshmld2
1214,eshnh0j
1215,eshl6ix
1216,eshkaca
1217,eshlwhr
1218,eshj7s3
1219,eshjebc
1220,eshl2wb
1221,eshjznd
1222,eshivj1
1223,eshjqzm
1224,eshj798
1225,eshjna9
1226,eshil41
1227,eshhz3d
1228,eshib6b
1229,eshhf9w
1230,eshixy2
1231,eshhtex
1232,eshiv8n
1233,c7tkbt
1234,eskfnlj
1235,esikhsn
1236,eshwdb6
1237,eshr9ya
1238,eshixdx
1239,eshhmjt
1240,eshhifi
1241,eshk3ya
1242,esqmv57
1243,eshu3qp
1244,eshkddm
1245,eshil1m
1246,esk5efj
1247,esi0o6p
1248,esi9cx8
1249,eshskg9
1250,esi0urn
1251,esi98ce
1252,eshu2gc
1253,eshsqia
1254,eshhqkx
1255,eshm4as
1256,c7tkia
1257,eshup00
1258,eshilbc
1259,eshhnps
1260,evexard
1261,c7tln1
1262,c7tlo8
1263,esjmisl
1264,esk4f6n
1265,eslabw4
1266,c7tm4o
1267,esjps09
1268,esjo515
1269,esilxzm
1270,esi6kzu
1271,eshzhyh
1272,eshjn6c
1273,eshj7j7
1274,eshised
1275,esk38tn
1276,esi3zuh
1277,eshnz00
1278,esi2m9w
1279,esho9g0
1280,esi2ies
1281,eshzmca
1282,eshpwfy
1283,eshppxs
1284,c7tmkh
1285,eshk0g0
1286,eshu81x
1287,c7tosc
1288,et4ajob
1289,esjmwq7
1290,esibpjm
1291,c7tp6u
1292,c7tqjb
1293,eshj4fr
1294,c7tqsj
1295,eshjhab
1296,eshjgxj
1297,eshj593
1298,eshiw9a
1299,eshiuob
1300,eshitvi
1301,eshittg
1302,eshj1cp
1303,eshjygh
1304,eshjabo
1305,eshj4rs
1306,eshjsdp
1307,eshiy65
1308,eshjq9l
1309,eshjpy9
1310,c7tri1
1311,esk7qdw
1312,esj1nj0
1313,esj2vm2
1314,c7ts20
1315,esi8ku4
1316,eshkwxy
1317,eshoez6
1318,esmkb3i
1319,esmjzk5
1320,esjnpno
1321,esjcy2e
1322,esi60kl
1323,eshl62r
1324,eske67m
1325,esj2xih
1326,esjb90o
1327,esho8yc
1328,c7tsxe
1329,c7ttbm
1330,eshsfdj
1331,esiyv7s
1332,c7tuzt
1333,esm7e51
1334,c7tv5k
1335,eshtyre
1336,eshkrdk
1337,eshr5f8
1338,c7tvv8
1339,esjoasc
1340,eshzckw
1341,eshkkhx
1342,eshyls2
1343,c7tyhn
1344,eshkdvu
1345,c7u3k5
1346,ev1paa9
1347,eshwdal
1348,eshttl1
1349,eshqiyl
1350,eshord7
1351,eshnh9x
1352,eshn5q4
1353,esjexb1
1354,eskoo18
1355,esjipsz
1356,esjyaes
1357,eshokvu
1358,eshoxmg
1359,c7u3kt
1360,c7uba7
1361,esk5b5j
1362,esjpbtx
1363,esjccin
1364,esi0ejo
1365,esi03t4
1366,esk3iag
1367,esk4vea
1368,esjdfzz
1369,eshuo87
1370,esk1pyx
1371,eshw6wk
1372,eshw3ew
1373,esi252m
1374,eshvk0s
1375,esj5b26
1376,esi8ont
1377,esi8nl7
1378,eshtszs
1379,esi8ijf
1380,eshx87r
1381,eshxvxx
1382,eshyk62
1383,eshxqpo
1384,eshy4us
1385,eshveap
1386,eshxg6n
1387,eshnq2w
1388,eshstsu
1389,c7ue7c
1390,c7ufc4
1391,esio4qo
1392,eshp0nr
1393,esjsdiz
1394,eskjoyr
1395,esk6i0p
1396,eski13c
1397,esiufpe
1398,esiyvpb
1399,c7uife
1400,eshnllh
1401,c7uj7b
1402,espkwel
1403,esylg2k
1404,eskvnm7
1405,esnlcry
1406,esno1q1
1407,esnk719
1408,esnj0up
1409,esnb668
1410,esn05j1
1411,esnc9pg
1412,esn2zcd
1413,esn2l0j
1414,esnazf9
1415,esmwp5x
1416,esmwhc7
1417,esmx632
1418,esmjliw
1419,esmjgut
1420,eslk8wy
1421,esldt7t
1422,eskgfon
1423,eskgyxg
1424,eskdny6
1425,esju3xe
1426,esk0urk
1427,esjiqcf
1428,esk1932
1429,esj6l0l
1430,c7ujzp
1431,esij0y9
1432,esi0p5b
1433,eshpoai
1434,esi4g63
1435,esju38e
1436,esjpqt3
1437,esi0828
1438,esikb5f
1439,esi1mij
1440,eshq345
1441,eshpt3z
1442,c7ulhi
1443,esi5f1n
1444,eshwill
1445,esjnd2j
1446,esk4gsw
1447,esi0wfn
1448,c7uqt4
1449,c7urcl
1450,c7urrd
1451,c7usav
1452,esht39f
1453,c7uvpq
1454,c7ux5s
1455,f2lw6l5
1456,et4j5m4
1457,et4a44b
1458,eskp56g
1459,esji2bq
1460,c7v10c
1461,esjeu9o
1462,esiots1
1463,esigddd
1464,eshwkro
1465,eshtp8d
1466,eshs5wo
1467,eshqe14
1468,esiba8s
1469,esmn7op
1470,esicfa1
1471,esm6lyo
1472,esm6pcf
1473,eskelcd
1474,esk0f6k
1475,esk6q4f
1476,esjtclm
1477,esk3jps
1478,esjqe40
1479,esjrlmv
1480,eshq335
1481,eshvei4
1482,eshqgao
1483,eshvuci
1484,esib6gw
1485,eshwux3
1486,eshvmad
1487,c7v7vh
1488,eshqz9n
1489,c7vcsy
1490,eskhqa1
1491,eskdwdm
1492,esjkv78
1493,esjaq2b
1494,esiy714
1495,esisfki
1496,esiga2l
1497,esieni3
1498,esiar62
1499,esiaak5
1500,essh5rx
1501,eske8ra
1502,esictpy
1503,esih9m7
1504,esicv6n
1505,esigli9
1506,esigk0l
1507,esif1l4
1508,esibql8
1509,c7vdl0
1510,c7vk31
1511,c7vkir
1512,c7vuf9
1513,esk0r1r
1514,esjoz4o
1515,esjnbol
1516,esjk5bd
1517,esqrzif
1518,esr3f5z
1519,eso5rzy
1520,eso15qc
1521,esnvjmc
1522,esnv4ro
1523,esn30m3
1524,esmzesu
1525,esk0m3c
1526,eshyqxt
1527,esl4jjc
1528,esif8rt
1529,esku6at
1530,esikb20
1531,esjnadr
1532,esjlh9m
1533,esjls98
1534,esjjk54
1535,esjiu1m
1536,esjdc9n
1537,esijzmb
1538,eshwhup
1539,esikf8d
1540,esib7sv
1541,c7vxq7
1542,esi4gyb
1543,eshuwwv
1544,eshxh1f
1545,c7wa1y
1546,esjv294
1547,eshw4i4
1548,c7wbk5
1549,c7weg7
1550,esjr1wq
1551,esjcpa9
1552,esi23un
1553,c7wko8
1554,esj4ilj
1555,esizf5z
1556,esi5hft
1557,esi447p
1558,eshy90u
1559,eshxxdr
1560,esihvpf
1561,esi0zmn
1562,esi5t83
1563,c7wle0
1564,esidm5g
1565,esi08f9
1566,eshxna7
1567,esj0dq5
1568,esjx5oi
1569,esijttj
1570,c7wm84
1571,c7xhih
1572,eyg5ccf
1573,eubz45a
1574,eu921kw
1575,et3rbsh
1576,esumggd
1577,essm5wg
1578,esqijzs
1579,eyfx4r0
1580,eyfymh6
1581,esm8wkn
1582,esixmu1
1583,ey649vc
1584,eskw803
1585,exnqxak
1586,esj8t9z
1587,eugc8p1
1588,eufz7zr
1589,esjch2j
1590,eufzqw3
1591,esojhnz
1592,euf0mfm
1593,eslavp5
1594,euf03dp
1595,esjb8t7
1596,eueyxh1
1597,esjk8as
1598,eu6pns7
1599,eu4drie
1600,eu4fjo7
1601,eu4cp1i
1602,eu47u5m
1603,esjzato
1604,eskr6xz
1605,eu46lbz
1606,esjln6c
1607,eu0re7n
1608,esjsg61
1609,esqor7w
1610,c7xiab
1611,esi5s2g
1612,c7xptb
1613,c7xvya
1614,c7xwqr
1615,c7y6km
1616,eskj5aa
1617,eskcssc
1618,esjwlbw
1619,esi6a0b
1620,eskdh0b
1621,eskixs2
1622,esjnznn
1623,c7yak7
1624,esjir51
1625,esifhzr
1626,esib5xr
1627,esi6zq7
1628,esi6s0a
1629,esj9ac5
1630,eskakz7
1631,esi7ad3
1632,esiadqi
1633,esi8qzu
1634,c7yduv
1635,c7yfff
1636,esjhsv7
1637,esih3om
1638,esicc6s
1639,esib8hb
1640,eslqnwz
1641,esncrxk
1642,esmmd0s
1643,eskes1e
1644,esj1n4m
1645,esk3xaa
1646,esjhvuz
1647,eskq54t
1648,eskh39n
1649,eskesbk
1650,esj7cy3
1651,esjofn7
1652,esj75af
1653,esjchw1
1654,esja4gj
1655,esichwk
1656,esih5iv
1657,c7yfnk
1658,c7ygf2
1659,c7yk13
1660,esjkkmn
1661,esir7hw
1662,esir1om
1663,esihe94
1664,esijgsb
1665,c7ypve
1666,c7yqbp
1667,esk25yv
1668,esjgpkb
1669,esja1oq
1670,esj0o98
1671,esinpl7
1672,esii15n
1673,esiexk3
1674,eskd50k
1675,eskfzkd
1676,esiq1wk
1677,esiqkhz
1678,esk88ck
1679,esini1r
1680,esimf5j
1681,esig877
1682,esjicu1
1683,esk5rgg
1684,esiggt5
1685,esk0dr1
1686,esjmf66
1687,esj9avr
1688,esj24jr
1689,esip567
1690,esinyu8
1691,esimpjs
1692,c7ywl7
1693,esjb3wz
1694,esj2eq1
1695,esia9et
1696,c7yx8p
1697,esk1uh5
1698,esjwsvh
1699,esjglkb
1700,esivlk5
1701,esigsfs
1702,esie011
1703,esicaau
1704,esibwhk
1705,esiaewz
1706,esillye
1707,esjdpa3
1708,esim4sv
1709,esiszdw
1710,esiwezi
1711,esipid1
1712,esiux8n
1713,esisecq
1714,esin05k
1715,esinsjl
1716,esiozb3
1717,esilbyi
1718,esij6ha
1719,c7z6x3
1720,c7z730
1721,esk1a8d
1722,esitiby
1723,esihv7x
1724,esicgft
1725,eti50zc
1726,eti5qzg
1727,esjqy2r
1728,esid0gv
1729,esjfpt4
1730,esid75b
1731,c7za5i
1732,esjepyn
1733,esiivva
1734,c7zbpc
1735,c7zfuj
1736,esksq67
1737,eskdly9
1738,esjdbi4
1739,esj8d25
1740,esjanei
1741,esjhcxg
1742,c7zm7c
1743,esj38h1
1744,esitkwd
1745,esisw1n
1746,esifgcp
1747,esjpta1
1748,esiuhj4
1749,esiy41k
1750,esjo9c7
1751,esjiinv
1752,c7zthh
1753,eskerbu
1754,esjpwz8
1755,esiqh2i
1756,esihj5o
1757,esihrx3
1758,eskz67l
1759,esjemct
1760,esijrsa
1761,esiizfk
1762,c7zwtt
1763,esk2mpa
1764,esjw02d
1765,esm2i6n
1766,esm2xsn
1767,esjnt6h
1768,esm2vb7
1769,esl33gy
1770,esm20by
1771,esm1mcf
1772,eslykwh
1773,esk9or3
1774,esle7wz
1775,eskocm8
1776,eslbddz
1777,esl2lkd
1778,esiu4o7
1779,esl2jsd
1780,esihxam
1781,esl21os
1782,eskypi4
1783,esk3573
1784,eskowd5
1785,esjr7g6
1786,eskae8u
1787,esjvzfw
1788,esjyhhq
1789,esjw55r
1790,esj2pwq
1791,esk8w1o
1792,esjwlen
1793,esjxry1
1794,c7zygt
1795,esj2bob
1796,esir42e
1797,esiimfj
1798,c8093m
1799,esk3cbn
1800,esjni8u
1801,esjcn58
1802,esivjo3
1803,esitwv1
1804,esipps3
1805,esno2tx
1806,exdzho5
1807,esneime
1808,esk7s4x
1809,esk7yp7
1810,esk6vsp
1811,esk4jbj
1812,esk42sc
1813,esir55c
1814,esjj5t2
1815,esjycl6
1816,c80dts
1817,c811jl
1818,esn0r48
1819,esk4d07
1820,esk3flb
1821,esjrpc3
1822,esjqwj6
1823,esjqu0w
1824,esjqtos
1825,esjnfak
1826,esjlmkt
1827,esjl84k
1828,esjk8iy
1829,esjhs1c
1830,esjedlb
1831,esmmpho
1832,esn3rxb
1833,esj6shw
1834,esmmwls
1835,esiz321
1836,eskfcps
1837,esm43gv
1838,esjsnxn
1839,esm3bht
1840,esldrqs
1841,eslfril
1842,eslckwr
1843,esj1syh
1844,eskd8n3
1845,esiwabk
1846,esjh7oh
1847,c818u9
1848,esixi1x
1849,esjn0dq
1850,esjg08v
1851,esjhu9y
1852,esjjrrm
1853,c81mby
1854,c82l2a
1855,c832xc
1856,c834te
1857,esp1mao
1858,esligb6
1859,eslfipx
1860,eskgvec
1861,esk6sxl
1862,esjpymu
1863,c836re
1864,c837cu
1865,esmty16
1866,eslwlm2
1867,esomh0y
1868,esoq6w9
1869,esnold6
1870,esn091q
1871,esnnox6
1872,eslwrc9
1873,esnfz06
1874,esm0cj4
1875,esmzd91
1876,esmwa6z
1877,eslwtq7
1878,esmwvvx
1879,esmvwyp
1880,esm6si2
1881,esmhd36
1882,esmvk0a
1883,esm9hk2
1884,esmosc0
1885,eskkxwu
1886,eskkmgp
1887,eskjsa9
1888,eslb8vp
1889,eskxjzj
1890,esm0yv4
1891,esjw40l
1892,eslyzi1
1893,eska08b
1894,esjmwug
1895,eskqgvs
1896,eslit3p
1897,esjypjf
1898,eslbdfj
1899,c839ca
1900,esk4j42
1901,esjoaoa
1902,esjlz3g
1903,esmmu61
1904,esn2hjn
1905,eslwnpj
1906,esktije
1907,eskepvq
1908,esk5clz
1909,esjohj6
1910,c83atz
1911,c83b30
1912,c83bn0
1913,c83btd
1914,eslxr14
1915,c83gk5
1916,c83o3s
1917,c83o7i
1918,c83upd
1919,c83xki
1920,c841os
1921,esn8jms
1922,esm6xg1
1923,eslxlzt
1924,eslk3y1
1925,esli2w1
1926,eskgapr
1927,eskcpbf
1928,esmxmr0
1929,esmw89l
1930,esk789j
1931,eslxtzw
1932,esk7qea
1933,esk8w7l
1934,esku850
1935,esk3c4k
1936,eskio3x
1937,eskahcu
1938,esjzmr4
1939,eskgs6p
1940,esjp97l
1941,eskc5pr
1942,esk97ox
1943,eskacl2
1944,esjsc9b
1945,esk9v7o
1946,esk8bdh
1947,esk8jiw
1948,esk6m97
1949,esk877v
1950,esk8mm4
1951,esk7g14
1952,esk6g18
1953,c844ac
1954,eskae4h
1955,esk4l1k
1956,esjtike
1957,esl8rkf
1958,esldp1r
1959,eskq69d
1960,eskgzrm
1961,esjx47z
1962,c844mr
1963,esk4df0
1964,esm3m6i
1965,eskf4jh
1966,eske3bq
1967,c846jc
1968,eskx1hy
1969,eskpg4a
1970,esjq7ek
1971,esktux1
1972,eskyp7k
1973,esjqb2w
1974,esjqw86
1975,c8478l
1976,esjqpvy
1977,esjprx0
1978,esjovx2
1979,esl1s90
1980,eslcjiz
1981,eskfub1
1982,eskcydo
1983,eskz0gp
1984,esk3zct
1985,esjteed
1986,esjpy16
1987,c84931
1988,esnqzha
1989,esn7d13
1990,esn65my
1991,esn2htj
1992,esmus27
1993,esm62ps
1994,eslwyx8
1995,eslv4xx
1996,eslqx85
1997,esjv50m
1998,esn68jb
1999,esk6n1y
2000,esn67r4
2001,eskhgn2
2002,esmviri
2003,esmkn7d
2004,esk6j4i
2005,esmv98k
2006,esl4jam
2007,esmuuf3
2008,eskhdcl
2009,esmkqri
2010,esmjskp
2011,esjy730
2012,esm66xh
2013,esjwbrx
2014,esllwbq
2015,eslhudy
2016,eslif2w
2017,eskkf3n
2018,eslhuci
2019,eslfto2
2020,esk4mo4
2021,eskg4ox
2022,esldib0
2023,esjuf1k
2024,esl5u5z
2025,c849fz
2026,et4a522
2027,esjrma0
2028,c84asa
2029,eywajnf
2030,et4a6y9
2031,eslywvp
2032,c84axz
2033,c84ck8
2034,c84f8a
2035,et4a4kv
2036,esm5or9
2037,eslyw4e
2038,eskanqk
2039,esjteyv
2040,esjrznt
2041,esjrkrw
2042,esjri5z
2043,esjrhn4
2044,esjrfya
2045,esm8zse
2046,esjsq1i
2047,esl94q7
2048,eskom2d
2049,esl38jr
2050,c84k3v
2051,esk0ki5
2052,esk61uc
2053,c84muy
2054,esm09an
2055,esk0j98
2056,esjv00e
2057,esjup2d
2058,c84n8a
2059,esjy0sj
2060,esl303v
2061,esl465i
2062,esl2se4
2063,eskz3u0
2064,eskyhde
2065,eskydho
2066,esjz2l6
2067,c84obp
2068,esjuwz6
2069,esjvzn6
2070,esk0bzg
2071,c84prs
2072,c84qlh
2073,c84tbc
2074,c84vdq
2075,et4a94x
2076,esk7hhk
2077,c84vgw
2078,eskvi0k
2079,eskm28x
2080,esjutho
2081,esjusu6
2082,esjus91
2083,c84w7g
2084,et4w75m
2085,et4a2y3
2086,esml7u4
2087,esl8ey4
2088,esk4z54
2089,esk1nq7
2090,esjvfmd
2091,esjv7e5
2092,esjuwrc
2093,esnzou4
2094,esotix9
2095,eslcqk3
2096,eslrnf3
2097,esnsady
2098,eslnbh7
2099,eslf807
2100,esl78tt
2101,eskqzoy
2102,eskzwpb
2103,eslau2s
2104,esl7r3q
2105,eskgvxn
2106,esklr5i
2107,esjvklq
2108,c84ztu
2109,esnggo9
2110,eslf7nk
2111,esl1ro4
2112,eskondr
2113,eskxz1d
2114,esn8g3l
2115,esn8eq1
2116,c850o3
2117,eskajzw
2118,eslafit
2119,esmxxsi
2120,eskrz3s
2121,eskchw2
2122,eskbs32
2123,c855as
2124,esn9xl4
2125,esjwx3e
2126,esnjcdq
2127,c855qg
2128,c856ns
2129,esk0auv
2130,eskvb8o
2131,esk4llq
2132,c85b7a
2133,c85cwy
2134,esl1ruj
2135,c85dd1
2136,c85eqx
2137,esjznfa
2138,c85os2
2139,c85qyb
2140,esn8hca
2141,eskgdro
2142,c85se5
2143,esk4w01
2144,esk43ai
2145,esk3grj
2146,esk8897
2147,eskali5
2148,c85vtx
2149,esn86z1
2150,esn5rv7
2151,c85yqa
2152,c862tc
2153,esm78sd
2154,esk57sw
2155,c86452
2156,eskgyx4
2157,eskexmu
2158,eskdon2
2159,eskaksa
2160,esk9y7w
2161,esk9qwu
2162,esk8hnn
2163,esk7a9l
2164,esk6k1y
2165,esk5p9e
2166,esk55ps
2167,eski8fl
2168,eskiv7f
2169,eskbv9g
2170,eskbvhr
2171,eskhji9
2172,eskbjjp
2173,c8664g
2174,c866pm
2175,eskv1yg
2176,c8681z
2177,est7i0y
2178,espximz
2179,esmhi5g
2180,esprl9o
2181,espx498
2182,esofpda
2183,eskb5cv
2184,esp8epy
2185,esmmc4m
2186,esm95uz
2187,esmlik9
2188,esouhcc
2189,eso7wff
2190,eskg1ej
2191,esofa4c
2192,esnyp83
2193,esn7w8z
2194,esnhbtb
2195,esnzk5h
2196,esl4ubf
2197,esnnl5y
2198,esnko7y
2199,esmvnvi
2200,esnaiwq
2201,eslkp5w
2202,esmtn0h
2203,esleh1p
2204,esmmd4o
2205,esmjh8g
2206,eslma78
2207,eskwh90
2208,esmcwlk
2209,c86d32
2210,c86fgh
2211,c86fmb
2212,esnb615
2213,esl2hdy
2214,eskujz6
2215,eskevqz
2216,esk9xur
2217,esk8mrz
2218,eslm4v6
2219,esl4prh
2220,eskjgru
2221,esllxsm
2222,eskew81
2223,esllllh
2224,esll8kq
2225,eskbj28
2226,eska4zx
2227,eskh9ii
2228,eskh5jz
2229,eskcvu5
2230,eskdvab
2231,eskbmrs
2232,eskaiqa
2233,eskch10
2234,eskbx0a
2235,eskccjw
2236,c86ifl
2237,eslpwzp
2238,eskhpzd
2239,eske8k7
2240,eskcs42
2241,esk9m0v
2242,esk9hmq
2243,esk8p7x
2244,c86mil
2245,c86nn0
2246,c86tgy
2247,eskbrej
2248,eski7s3
2249,esklghf
2250,eskcuvn
2251,c86uwk
2252,c86yi2
2253,c86zk9
2254,eskbo0w
2255,c877uf
2256,c878nt
2257,eskdmmq
2258,eskdpsv
2259,c879pm
2260,esn95gw
2261,esl1wz7
2262,esl8or4
2263,esnttx9
2264,esltwgk
2265,eslmjl7
2266,esn1hk2
2267,esna2kl
2268,esmv3qm
2269,esmvmta
2270,esmn6ew
2271,c87a16
2272,c87bnz
2273,c87c45
2274,c87cbx
2275,esktxha
2276,c87ciz
2277,esnu59h
2278,eslfq3w
2279,eskt519
2280,eskldvl
2281,eskk754
2282,eskhaah
2283,eskgwel
2284,eske7du
2285,eske4hm
2286,eslascc
2287,esnok6h
2288,esmo7el
2289,eskoqgg
2290,esng33q
2291,esktjlr
2292,eslfv2k
2293,eslbx4r
2294,eskt59p
2295,eskt5ku
2296,c87d2a
2297,eskhcxt
2298,eskh9lg
2299,eskgnsn
2300,eskfroy
2301,eskf49m
2302,eskemg6
2303,eskecm8
2304,eske8cy
2305,eskekby
2306,c87fk4
2307,c87lck
2308,eskw40h
2309,eskn7sn
2310,eski5cc
2311,eskhffe
2312,eskh5mz
2313,eskgf2x
2314,eskjnj2
2315,eskl67r
2316,eskjtvg
2317,eskk68a
2318,eskjo9d
2319,eskj2dh
2320,eskjfjx
2321,eskj72y
2322,eski5i3
2323,eskipce
2324,c87p82
2325,ess63yr
2326,eskxu6e
2327,eskmgt7
2328,eskkev7
2329,eski00o
2330,eskh5iv
2331,esl1ewi
2332,ess62c5
2333,eskxn3p
2334,esl17q3
2335,eskjo8x
2336,eskscfq
2337,eskxhkg
2338,eskvi5v
2339,esku0ns
2340,eskwpq1
2341,eskrowg
2342,eskp4kq
2343,eskoi7u
2344,eskhm6o
2345,c880d4
2346,esmoxc2
2347,esmhdjd
2348,eslo0xs
2349,esknlza
2350,eskkqfk
2351,eskkg9g
2352,eskk852
2353,eskjeo6
2354,eskkqp4
2355,c880xc
2356,c8860o
2357,eskktxa
2358,esklrj1
2359,esmpcgo
2360,eslccjk
2361,c888dt
2362,est1kv0
2363,esnlszq
2364,esndc3p
2365,esnak8c
2366,esn27bc
2367,esmqnza
2368,est8ja3
2369,esyltns
2370,esnsmvi
2371,esq0ebs
2372,esnv9u5
2373,esouj9p
2374,esonbf9
2375,esoop2q
2376,esom183
2377,esokcrz
2378,eso85z9
2379,esnmy42
2380,esog55p
2381,esn7vho
2382,eskppfx
2383,esn3h2a
2384,esn18hm
2385,esn1b4p
2386,esmv38u
2387,esmzljx
2388,c88f2m
2389,c88hp0
2390,eskpoux
2391,eskoceu
2392,eskwt28
2393,esnaflx
2394,eskwtcv
2395,c88qes
2396,esm201b
2397,esl2250
2398,eskx3yt
2399,esm4p47
2400,c88ud1
2401,esl9zpl
2402,esl6han
2403,esks2a3
2404,c88wm7
2405,c88xmt
2406,euotu4y
2407,eso3qio
2408,esnsinf
2409,esns3s0
2410,esnrd8i
2411,esnqegf
2412,esnpg3y
2413,esnoyja
2414,esnoaxf
2415,esnn6eo
2416,esnm94m
2417,esnm2lg
2418,esnjxjl
2419,esnj5ga
2420,eslsyo5
2421,ey3q5ha
2422,eso5yt2
2423,esxzzq4
2424,esl0j8j
2425,esrj5ng
2426,eso1me3
2427,esr8y4s
2428,esl2nnz
2429,esossm5
2430,esmtzv4
2431,esnika8
2432,esnrakq
2433,esl3kxf
2434,esnr6ju
2435,esn93mn
2436,esnlasg
2437,esmwify
2438,esniun4
2439,c88xod
2440,c88yx6
2441,esm1yhj
2442,eslgofy
2443,esl5xst
2444,eslfdyl
2445,eslw8a6
2446,esls6xo
2447,eslm8yu
2448,c8961w
2449,c896vl
2450,eskuqfj
2451,c89bqx
2452,eso4g9m
2453,c89d28
2454,c89gg0
2455,eslx3di
2456,eslmew3
2457,esl7x9y
2458,esngyhk
2459,esn7zk4
2460,esn7zwe
2461,eslq8up
2462,eslo416
2463,esmtud0
2464,eskyakf
2465,esmt6vr
2466,eslwvly
2467,esmcli8
2468,esl6opr
2469,esmbajv
2470,esl3h16
2471,esmam02
2472,eslvycf
2473,eslx708
2474,eslsav1
2475,esluetk
2476,eslr8fx
2477,eslqivn
2478,eslp97n
2479,esllon1
2480,esldydk
2481,eslfege
2482,eslgkd4
2483,eslp3i3
2484,eslg1yq
2485,eslbmd8
2486,eslo1qu
2487,eslkxsr
2488,eslm9wo
2489,esldkbj
2490,eslcqcx
2491,c89iit
2492,eslf8wn
2493,esl6go7
2494,esl4rdg
2495,esl3hlm
2496,esl08wk
2497,esl07cl
2498,eskzy26
2499,eskzxqd
2500,eskzvjd
2501,eskzhsh
2502,eskzajb
2503,eskyv6t
2504,eskytah
2505,eskyntg
2506,eskydo7
2507,eskyaoe
2508,esky9q7
2509,esky8uz
2510,esky8pm
2511,esky69x
2512,esky68h
2513,esky66m
2514,esm7ab2
2515,esl57pz
2516,eskyepq
2517,c89jhe
2518,eslczgl
2519,esl30bm
2520,esl1ye8
2521,esl1fry
2522,esl0enp
2523,esl0arc
2524,eskzy7f
2525,eskzkb1
2526,eskzemc
2527,eskz5c0
2528,eskyqxv
2529,eskym08
2530,eskyeps
2531,esl0dpp
2532,eskz2mt
2533,eskywh3
2534,c89jpu
2535,esogqne
2536,esledb9
2537,eslcbm9
2538,eslb2bi
2539,eslag7y
2540,esla8k5
2541,esl97hw
2542,esl6z9e
2543,esnjhtz
2544,eslg2we
2545,esm4sdz
2546,esm4grf
2547,esl4ngw
2548,esm3ta3
2549,esl692k
2550,eslnyjy
2551,esl82gp
2552,esl3fe3
2553,eslfd9k
2554,esla9y9
2555,eslaqm0
2556,esl9eoe
2557,esl93y2
2558,esl8iyc
2559,eskzolm
2560,esl8kjk
2561,esl03l2
2562,esl87mz
2563,esl6tex
2564,esl4s3h
2565,c89k49
2566,eslwj0l
2567,esl96dh
2568,esl44pc
2569,esl0tis
2570,c89kyo
2571,eslnjls
2572,eslfb0h
2573,eskzurt
2574,eskz0qh
2575,esl9qii
2576,esn8h5k
2577,eslfb1l
2578,esli3l5
2579,esm4xl0
2580,esm4ovz
2581,esl2tl2
2582,eslia5e
2583,esl38uj
2584,esl03tp
2585,esl01ro
2586,eskzar8
2587,c89lcl
2588,esq0iiy
2589,esnacw9
2590,esmks6e
2591,eslf3xf
2592,esl2ouj
2593,esl2ksl
2594,esl08gv
2595,eskzlff
2596,eskzhep
2597,eskzd48
2598,eskz5o5
2599,eskz03z
2600,esn5zzg
2601,eskzyyl
2602,esl6lmb
2603,esl6a64
2604,esl51wr
2605,eskzza1
2606,c89lq5
2607,esnf4cf
2608,esn5pvl
2609,esm5w62
2610,esld8g0
2611,esl2dv5
2612,esn2ph6
2613,esl0btx
2614,esmwmvs
2615,esl91r0
2616,esmq3jh
2617,eslajye
2618,esl06bz
2619,esmmi2v
2620,esl004k
2621,esmmhvr
2622,eskzt1z
2623,esmmhb8
2624,eskzh9p
2625,esmmgzn
2626,esl09l9
2627,eslwhcw
2628,eslrsc5
2629,eslu46s
2630,eslq2rr
2631,eslnvum
2632,eslnbsh
2633,esleel7
2634,eslic4u
2635,esljqfl
2636,esl932n
2637,eslcuzi
2638,esl9wla
2639,eslh870
2640,esl4mz3
2641,eslebk8
2642,eslb05m
2643,c89mzr
2644,c89n3b
2645,c89nsc
2646,c89seq
2647,c89sgk
2648,c89u1a
2649,c89vlc
2650,c89xt4
2651,et4a8ka
2652,eslzx7q
2653,esl33o4
2654,c89xul
2655,c89ykt
2656,c8a0m0
2657,c8a0zk
2658,esleczc
2659,esl4swk
2660,c8a2jd
2661,et4aitx
2662,esle3yq
2663,eslc7qa
2664,esl4ym3
2665,eslfcdq
2666,eslhdf6
2667,esle3lx
2668,c8a3xv
2669,esmof6p
2670,esmoavv
2671,esmo2n8
2672,esmnyp5
2673,esl58fl
2674,c8a67p
2675,c8aavk
2676,esn7bj4
2677,esod8fk
2678,esnhu94
2679,esnhud4
2680,esmn0lj
2681,esmgryq
2682,esmbhqx
2683,esn00pr
2684,esloeij
2685,esmwta0
2686,esmlo9l
2687,esmge1p
2688,esmtm03
2689,esldbct
2690,esmcqis
2691,esmav3l
2692,esmgq7n
2693,esm7nhj
2694,esm8lfz
2695,esmfaun
2696,esm8n5b
2697,esmeuzi
2698,esm1m76
2699,esm8ez4
2700,esmcieu
2701,esmbhsi
2702,eslxgwp
2703,esmamn3
2704,esma3po
2705,esma1xd
2706,esm9up0
2707,esm9abr
2708,esm8ovb
2709,esm7k9h
2710,c8aiql
2711,esmy1zs
2712,esldxrx
2713,esle12v
2714,c8an94
2715,c8arcg
2716,c8ax86
2717,et4a2i4
2718,esn8se1
2719,eslc4po
2720,esm02dk
2721,esmt3r6
2722,c8b3hk
2723,esn4v0q
2724,eslj7lm
2725,eslff2h
2726,c8b7oi
2727,c8b9kn
2728,c8bald
2729,et4a5hc
2730,eslfqnw
2731,c8bemk
2732,c8bgyw
2733,esog7yr
2734,esoax9w
2735,esnv526
2736,esnrnic
2737,evnfi5i
2738,esoikcj
2739,esoazb6
2740,esmz6lz
2741,esnv2cg
2742,esn8e35
2743,esmzlgn
2744,esmz27u
2745,esnv0wa
2746,esmz848
2747,esmz05u
2748,esnssx0
2749,esn07c7
2750,esne5rz
2751,esn24em
2752,eslnqso
2753,esn82vl
2754,esm3rze
2755,esn4qam
2756,esn466f
2757,esn4hze
2758,esn2age
2759,esmzx0y
2760,esmzmyh
2761,esmzbq6
2762,esmz4gv
2763,c8bn3w
2764,essuoxp
2765,esrx0s0
2766,espo0yw
2767,esosxb8
2768,esoewob
2769,esvmjib
2770,essmdp7
2771,esopesr
2772,c8brnb
2773,et4a1yn
2774,esq0ujp
2775,esoiqwz
2776,eso3xlp
2777,eso3gh0
2778,esn6jxx
2779,esmlrt6
2780,esojggq
2781,esomnde
2782,esnatn0
2783,esnbz34
2784,esmvnq3
2785,esmlii5
2786,esnapsq
2787,esn888u
2788,esn6qnq
2789,esmfwbf
2790,esmvqml
2791,esmr1d8
2792,eslooe6
2793,esm3mkg
2794,esm6pjo
2795,eslsao8
2796,esm6xnh
2797,esm3g16
2798,eslt0u7
2799,eslz4ww
2800,esm17wk
2801,esltm6j
2802,c8c22b
2803,esncrbd
2804,eslrngk
2805,esloauk
2806,esln3y3
2807,c8c5qo
2808,esmc29i
2809,etrltr9
2810,ett1v3h
2811,eslw2ie
2812,essgk63
2813,esnauyv
2814,ess6whh
2815,eslw9r8
2816,esne3b8
2817,eslwf8q
2818,eslp418
2819,esnc8x3
2820,esnc0bl
2821,esls9jv
2822,esmvhri
2823,eslw9m9
2824,esm2nkr
2825,esmiy98
2826,esmd8w7
2827,esmiriy
2828,esmdu7i
2829,eslyg8z
2830,esm24c8
2831,esm0gvp
2832,eslwqj9
2833,eslyivd
2834,esm0bpo
2835,eslw4ic
2836,eslv41g
2837,c8cfzo
2838,esmsl01
2839,eslycvm
2840,c8cia7
2841,c8ckhp
2842,c8cy0f
2843,eslvc8s
2844,eslxt1a
2845,ey91nze
2846,esm20lj
2847,esnbsfg
2848,esncnqu
2849,esnbnpi
2850,esm6ze1
2851,esm8iem
2852,esmbct6
2853,esm6c2b
2854,esm612s
2855,esm4gqt
2856,esm2jp8
2857,eslxdb5
2858,eslyogo
2859,eslycwu
2860,c8d6ob
2861,esow1jf
2862,esr74tk
2863,esr8hvx
2864,eso09zb
2865,esqi7pc
2866,eslz9u8
2867,esougc9
2868,esmqgy3
2869,esohlc5
2870,esnd8e5
2871,eso7x3s
2872,esnyp8a
2873,eso0dzq
2874,esnysgo
2875,esnrdgw
2876,esn11fr
2877,esnpk22
2878,esnpnkw
2879,esnsw2v
2880,esnmywv
2881,esnriuy
2882,esnotl4
2883,esnflfs
2884,esnp3m5
2885,esnopxw
2886,esnods4
2887,esnori3
2888,esmtn3v
2889,esnnaex
2890,esnnh0b
2891,esncjka
2892,esnjlqn
2893,c8dn3i
2894,esn9px8
2895,esn0nko
2896,esmrqe0
2897,esm0gri
2898,esmz6om
2899,esn0saz
2900,esmtu46
2901,esmv7rn
2902,esm5vse
2903,esm8bfa
2904,esm34fb
2905,esm2p37
2906,esm16pj
2907,esm1l6x
2908,esm1u05
2909,esm1ku5
2910,esm0q6n
2911,esm0x6k
2912,c8e23r
2913,c8elxp
2914,c8eoqi
2915,c8epay
2916,esoapu5
2917,esnyvl6
2918,etbv8e1
2919,esmc4y6
2920,esurpeo
2921,esndtwb
2922,esqckju
2923,esscxs3
2924,esoq86z
2925,esn8xuh
2926,esqc385
2927,esnq181
2928,esogo7q
2929,esoat5d
2930,esmbmd0
2931,esn27tq
2932,esnpabl
2933,esnpr3j
2934,esnoi1g
2935,esmcq6c
2936,esnotau
2937,esmcix0
2938,esncp06
2939,esnjx22
2940,esmehkb
2941,esmcydm
2942,esn22e7
2943,esmfhu0
2944,esmhnrj
2945,esmdn1v
2946,esmc28p
2947,esmd2xy
2948,c8eulc
2949,c8f5yc
2950,c8fgio
2951,c8fh4b
2952,c8fpie
2953,esn7xag
2954,esn7rur
2955,esn3dg0
2956,esmxvjt
2957,esmv3hm
2958,esmtawe
2959,esmj736
2960,esmi1w4
2961,esn6zhe
2962,esmrg8m
2963,c8frsj
2964,esoa1vw
2965,esn0trv
2966,esmuwht
2967,esmtv3t
2968,esmtqou
2969,esmoxyt
2970,esmmr46
2971,esmml4j
2972,esmivih
2973,esmhocq
2974,espjm4l
2975,esthaba
2976,esry2nn
2977,esry2ya
2978,esmrdbb
2979,esp83nk
2980,esne3ys
2981,eso361b
2982,esnjbhe
2983,esngd2p
2984,esmowed
2985,esmtomd
2986,esmoavu
2987,esmly8o
2988,c8frtb
2989,esmujys
2990,esmsx30
2991,esmj3or
2992,esmgyr2
2993,esmihst
2994,c8fuqz
2995,c8g02j
2996,esmq5kn
2997,esmp4p9
2998,esn1hs9
2999,esne16t
3000,esmqs49
3001,esmqccd
3002,c8g32c
3003,c8gahl
3004,c8gkdh
3005,c8gmiy
3006,esoi2re
3007,esnxwmc
3008,esoc8ny
3009,c8gmx0
3010,c8gqs3
3011,esn3pen
3012,esmuar6
3013,esmu157
3014,esmsc9t
3015,esmqteb
3016,esmq7ki
3017,esmppkx
3018,eso2yjy
3019,esnhb91
3020,esmusly
3021,esmw6ew
3022,esmtfw4
3023,esmsw58
3024,esmqbcm
3025,esmq0hf
3026,c8h1fc
3027,c8h682
3028,eso86iy
3029,eso5tgg
3030,eso09ra
3031,esnq5xe
3032,esnq49y
3033,esmt5ui
3034,esq6a7m
3035,esp5xcw
3036,esp48em
3037,espswuc
3038,espb7zb
3039,esmyrvn
3040,esp5h43
3041,esn0n6k
3042,esp52dc
3043,esnjs99
3044,esmtdzt
3045,esp3gqp
3046,esmsrkr
3047,esp332a
3048,esnrlrs
3049,esnusuq
3050,esnpf6c
3051,esnm0yk
3052,esmvga8
3053,esnovsw
3054,esnjgju
3055,esnhw6x
3056,esnepd0
3057,esmztno
3058,esnf7tr
3059,esmtwu2
3060,esmrwur
3061,esnaz21
3062,c8hby3
3063,esodi0y
3064,esnwnt4
3065,esnsp03
3066,esnsmij
3067,esnshwa
3068,esnkrwi
3069,esnj93w
3070,esnhh01
3071,esnbgv8
3072,esn6m1s
3073,esn66w0
3074,esn3lq1
3075,esy9s7f
3076,eszf96q
3077,esx7ihj
3078,eswv0ks
3079,esnyjwy
3080,eswv9ut
3081,esnwv3o
3082,esnyd68
3083,esnwo0c
3084,esno9fu
3085,esmuipb
3086,esnjg4o
3087,esn6x6w
3088,esn1442
3089,esn483h
3090,c8heja
3091,c8hj1s
3092,esmughj
3093,c8humw
3094,c8hvcz
3095,c8hygn
3096,c8i4gg
3097,esnisl6
3098,esnimkk
3099,esnbfow
3100,esn604x
3101,esn5jwr
3102,esni9xa
3103,ess5oio
3104,eso2753
3105,esnmx29
3106,esqgpxx
3107,eso2vqg
3108,esqgftg
3109,esqg097
3110,esnpj0h
3111,eso32ym
3112,esnmlx0
3113,esni62f
3114,eso23wg
3115,esniuko
3116,esn3jzl
3117,esnrmro
3118,esn0pfl
3119,esnq486
3120,esnic11
3121,esnic4p
3122,esni4ev
3123,esn2jc0
3124,esn1tfz
3125,esn1y13
3126,esni1ra
3127,c8i6q6
3128,c8i8qk
3129,esodhos
3130,esnaah5
3131,esn2dsb
3132,esqu25r
3133,esqvvb9
3134,esqty1z
3135,eso9b7z
3136,esngyl9
3137,esncvh1
3138,c8igu1
3139,c8in6e
3140,c8ioqb
3141,esndtot
3142,esna3ll
3143,c8ir1q
3144,c8irdk
3145,esn4r6y
3146,c8is5t
3147,et4a3mm
3148,esnmjhz
3149,esnjbpo
3150,esncxx0
3151,esncgo4
3152,c8izla
3153,et4m53a
3154,et49y0z
3155,esrql96
3156,espeo91
3157,espzkc5
3158,essd2sw
3159,essb55o
3160,esr71d8
3161,esrcjg5
3162,eso1za1
3163,eso4nfm
3164,esr6wzw
3165,esodbn9
3166,esqqvkg
3167,espfld3
3168,esqmtyt
3169,esqo9fc
3170,esqie4u
3171,esqk7qx
3172,esqe5lv
3173,esqa15q
3174,espazlx
3175,esqdlvm
3176,esp9msw
3177,esqdlq1
3178,esoxuai
3179,esor0qa
3180,esobkdo
3181,espc1c7
3182,esnc8ao
3183,espbm9f
3184,eso10t2
3185,esnjg5n
3186,esp9urt
3187,esnsiag
3188,c8j0iz
3189,esnbmni
3190,c8j47y
3191,c8j483
3192,et4nhmv
3193,et4afep
3194,et49zgy
3195,esq98yp
3196,esqsa38
3197,ewpwwew
3198,esqrm07
3199,etn4ejs
3200,esqvn0g
3201,esutb6x
3202,et5kv4e
3203,esninii
3204,et5kuf3
3205,esphaqw
3206,et5ktdq
3207,esp7g8b
3208,et5ksft
3209,esnmmje
3210,esusb0m
3211,esusmzb
3212,esnbwai
3213,esof9cf
3214,estdo9t
3215,esriv2f
3216,esq2m5u
3217,esr9bj4
3218,esqvvmf
3219,esr8972
3220,esofwyq
3221,esq8548
3222,eso45ab
3223,esquoyz
3224,espmr0j
3225,esqoxlh
3226,esndoml
3227,c8jdvx
3228,esok05y
3229,esncji7
3230,esoszqd
3231,esq0qbh
3232,esod7bs
3233,esod7ul
3234,esnp8i7
3235,c8jfl1
3236,et4puq3
3237,et4aeda
3238,et49yyg
3239,esou0z6
3240,esogmwl
3241,esoggj7
3242,esof2az
3243,esrt4mh
3244,estj3d7
3245,espnp2h
3246,eso973b
3247,esrsqoy
3248,esqs0gy
3249,eso06yp
3250,esr6h68
3251,espl4dx
3252,espjga8
3253,espivw3
3254,espi6kb
3255,esphphh
3256,esphfr5
3257,esph2u1
3258,espgwm6
3259,eso95jm
3260,esouenn
3261,esnqgja
3262,esoioro
3263,esogpso
3264,esnbiqj
3265,eso9amy
3266,c8jfw3
3267,c8jlku
3268,esne5yk
3269,esnjc1p
3270,esnq4z6
3271,c8jqy3
3272,c8ju27
3273,c8jwt8
3274,f2q1hpp
3275,etc9ply
3276,esnoa3y
3277,esniji4
3278,esngfhz
3279,esnejlp
3280,essgwib
3281,c8jxxr
3282,esotiv1
3283,eson19g
3284,esnqm14
3285,esni05u
3286,esnuzbs
3287,esnyh11
3288,esnuzma
3289,esntkzg
3290,c8k49d
3291,esnrptf
3292,esngx4m
3293,espam9p
3294,esqf73o
3295,eso126f
3296,espadwe
3297,c8ka3k
3298,c8kdjk
3299,esqsqiz
3300,eso6qm1
3301,eso5one
3302,eso5icn
3303,eso3zux
3304,eso2y04
3305,esnwwl0
3306,esnkgp7
3307,esoo42j
3308,esrk9zu
3309,espckda
3310,esoixez
3311,esojrdg
3312,esog0v3
3313,esodn4c
3314,esoch7w
3315,esod8gv
3316,esob5xe
3317,esnsbpl
3318,esnwfqw
3319,esnnr20
3320,esnl0lv
3321,c8kj4p
3322,espyn42
3323,esogow6
3324,esoc4wu
3325,eso9w70
3326,esnoznu
3327,essjdmf
3328,esnt4m0
3329,esr8njt
3330,esnv7m9
3331,esp540k
3332,esqyzkc
3333,esot7s9
3334,esqy2jh
3335,esozlfb
3336,esofx4v
3337,esqtw5s
3338,eso3rcv
3339,esp5pp4
3340,eso4i5o
3341,esnrtrv
3342,eso6c3m
3343,esoktr1
3344,esnvmcg
3345,esojnc3
3346,eso3dqy
3347,esoglwy
3348,esnwm33
3349,eso1n2m
3350,esnue96
3351,esnodxn
3352,c8ku6p
3353,espnt8w
3354,eso4qjc
3355,esnr6f1
3356,esnl1tv
3357,esntatt
3358,esoe4gb
3359,esntuz9
3360,esnqmwp
3361,eso19vu
3362,esnqufy
3363,esnxu8r
3364,c8kyf7
3365,c8ld1z
3366,c8ljxe
3367,c8lk2r
3368,esq9m69
3369,esse181
3370,c8llqc
3371,esoetom
3372,eso6f5q
3373,esnq97c
3374,esnpvay
3375,esogc29
3376,esq36ri
3377,espwhe1
3378,esnswhm
3379,esns2ub
3380,esny6xs
3381,esntm8r
3382,esnwmy9
3383,esnt2fm
3384,esnq4wk
3385,c8lu3q
3386,c8mifp
3387,eso7egb
3388,esnuvzf
3389,esrn2qd
3390,essa3jm
3391,eso9rdq
3392,esobo4e
3393,eso5fov
3394,esoa1nk
3395,eso6wpd
3396,esnw6ez
3397,esnv2j0
3398,c8mkt5
3399,esnutsq
3400,c8mpnx
3401,c8ms0v
3402,est5qof
3403,esqy5wd
3404,esqxmc1
3405,esqbu2d
3406,esq9ool
3407,esuhioy
3408,esye7s9
3409,essct1x
3410,esqrqex
3411,essrwty
3412,eso3u3o
3413,essc311
3414,esqw3p5
3415,ess2uws
3416,esqre16
3417,esqco95
3418,esqva8b
3419,esqt0v0
3420,espb2p8
3421,esqrzzg
3422,eso9rlq
3423,eso95jj
3424,esqfmiu
3425,esqiw6l
3426,esqivbo
3427,esqfuq7
3428,esqg8sr
3429,espjupi
3430,espjgvy
3431,esq36a1
3432,esqd29u
3433,esq4h0f
3434,esphss5
3435,esqclnz
3436,c8ms35
3437,c8mx1t
3438,c8n24p
3439,c8n3cz
3440,esqwhq2
3441,esq9dn3
3442,esovcob
3443,eso6rs2
3444,eso568n
3445,eso22hb
3446,eso0xg0
3447,esnz4bv
3448,esnz2p3
3449,esnyiec
3450,esnygut
3451,esqkatu
3452,esqlnfo
3453,espzgwi
3454,esotlhe
3455,esnyn4q
3456,esoevq7
3457,eso9340
3458,esnyozv
3459,c8nbif
3460,esol5b2
3461,eso6t5j
3462,eso4ijk
3463,eso451c
3464,esnztrs
3465,esq47e4
3466,espz8e3
3467,esome6i
3468,espyvqa
3469,esodfzo
3470,esoezih
3471,esodu45
3472,esoe204
3473,esoel08
3474,esoc8qw
3475,eso6ne0
3476,c8ndw1
3477,c8ng6e
3478,esoi9ux
3479,esog1r1
3480,eso2vgq
3481,eso2kac
3482,eso2jlb
3483,eso6ehz
3484,c8nhrx
3485,c8nliz
3486,c8nrty
3487,esojvyc
3488,esofydu
3489,esofwzi
3490,esof389
3491,esoexxw
3492,esobzb0
3493,eso3cri
3494,esohzqb
3495,esoidiv
3496,esohocf
3497,esog6nm
3498,esofqcq
3499,esoeuul
3500,esoel5o
3501,esodrw3
3502,esog19x
3503,esofswy
3504,esof7q4
3505,esoes4v
3506,c8nwr1
3507,c8nxhw
3508,c8o220
3509,et4ke6l
3510,et49ts1
3511,esql0y0
3512,espx4uv
3513,esoddcl
3514,eso6emd
3515,esqucwa
3516,esslyi5
3517,esr4iji
3518,esr44c0
3519,esoduoq
3520,esqnn7z
3521,esq94jx
3522,esqhydj
3523,esobnpq
3524,c8o2tz
3525,c8o9tw
3526,esq3v7s
3527,eso8pbc
3528,c8ocak
3529,c8og4g
3530,et15pu3
3531,esq4ows
3532,espo3mi
3533,esojwhc
3534,eso9gdq
3535,esqmpa8
3536,esqtwf6
3537,esqt2g0
3538,c8ogn7
3539,eso9dvk
3540,c8oo1j
3541,esofs1s
3542,esoe5j2
3543,c8ot5f
3544,c8p7s6
3545,esrn7uo
3546,esqm1br
3547,esq4m9o
3548,espkewe
3549,espc5xi
3550,espb96r
3551,esp9qpo
3552,esp90ec
3553,ess5qhh
3554,essau8r
3555,esrrqrv
3556,esrr6p2
3557,esrq1sq
3558,esr6ksr
3559,esrcscj
3560,esrot2c
3561,esqtf5k
3562,esqepk9
3563,esqhkuc
3564,espbw5w
3565,esqczfr
3566,espdss3
3567,espyazs
3568,espcfhp
3569,espk9b9
3570,c8p82w
3571,esoge4o
3572,c8pe5g
3573,c8pibi
3574,f29u2kn
3575,espzowv
3576,espmrzm
3577,esp8yus
3578,esosw61
3579,esosnse
3580,esomaqh
3581,esolkj7
3582,esok5gy
3583,esojtos
3584,esojp63
3585,esoj7j9
3586,esoj3gv
3587,esoj0jx
3588,esqmfpw
3589,esqnazp
3590,esonbj3
3591,esompss
3592,esomj9l
3593,esol6yk
3594,esokunk
3595,c8pif3
3596,esrxyfz
3597,esrjzpu
3598,esq7lfz
3599,esq6acj
3600,espulhd
3601,esphjdg
3602,esse6is
3603,esskypb
3604,ess1k7v
3605,ess1oio
3606,ess0a94
3607,esrzy6f
3608,esryzat
3609,esotdbb
3610,esr47qy
3611,esqqzq5
3612,esqj9kl
3613,esqaxk0
3614,esr1fw2
3615,esr4oxo
3616,esp49b8
3617,esqrnd7
3618,esq3pn4
3619,esosxhj
3620,esqr0e3
3621,esoy4nu
3622,esqe47r
3623,esp7xno
3624,esop5xf
3625,esqbju6
3626,c8pikt
3627,et49w51
3628,estklsp
3629,essezb3
3630,esseprx
3631,esse7sv
3632,esrgeg6
3633,esqss8o
3634,esqqbrj
3635,esql2vs
3636,esqbe46
3637,esq81vu
3638,esp7bm8
3639,esoiadl
3640,et0qzh3
3641,essny7a
3642,estkuy1
3643,esq84n3
3644,esq4lxg
3645,c8plks
3646,c8pne8
3647,et4a0hm
3648,espa16i
3649,esowkgn
3650,esost9t
3651,esr7u8p
3652,et0lxs7
3653,esqu1ht
3654,c8ppim
3655,c8pslh
3656,esolxg9
3657,c8q13e
3658,c8q589
3659,c8q5e8
3660,ess25pl
3661,esrvy5u
3662,esqxdiy
3663,esqvnes
3664,esqhwab
3665,esqg4bq
3666,esq85xs
3667,esq3mro
3668,espd4aj
3669,esou42g
3670,esrieds
3671,estr04v
3672,esrrqjy
3673,esr6t15
3674,esrh9w8
3675,esqs0fi
3676,esqrtkh
3677,esqq5wv
3678,esqsqh1
3679,esqw8ga
3680,c8q9ox
3681,c8qcfi
3682,esqxgjv
3683,esp7epx
3684,esoroby
3685,c8qfea
3686,esrrx3s
3687,esov395
3688,esorxgg
3689,espzhan
3690,essdbei
3691,esq4tu3
3692,c8qhkb
3693,essctuw
3694,c8qm6x
3695,c8qnnm
3696,c8qpme
3697,esqv839
3698,esqtx22
3699,esqs5zp
3700,esq6d6l
3701,espwnb3
3702,espegb5
3703,esp3h4s
3704,esoz59t
3705,esr6p4s
3706,ess095y
3707,esq0uw9
3708,esrbdmq
3709,esq6exq
3710,esqybl1
3711,esr6q9t
3712,esqpf2v
3713,esqhkcp
3714,esqhj7m
3715,esqpzbx
3716,esp3l7q
3717,esq6hso
3718,c8qrx2
3719,esqtd58
3720,c8qste
3721,c8qth5
3722,esqlds7
3723,esplmyb
3724,espj5cl
3725,esp6mcz
3726,esp4lsx
3727,esowfip
3728,esrbdbv
3729,esq4cbo
3730,esqzlsh
3731,esr5o51
3732,esqxmyt
3733,esqfait
3734,esqb7iv
3735,esq8hzc
3736,c8qtl5
3737,esrioia
3738,esr4ltq
3739,esqyd2a
3740,esqdsw0
3741,esp1zwa
3742,esreft0
3743,esqs70s
3744,c8qwqu
3745,exfzvq2
3746,etaorgh
3747,esqsxig
3748,esqf5hk
3749,esp2lhn
3750,esoz5n2
3751,esoydwd
3752,esow98v
3753,esovk08
3754,esrsdqi
3755,f1sgq0z
3756,esrtn5n
3757,evxr22z
3758,espbs77
3759,esrb51o
3760,esqxarx
3761,esq88fc
3762,esp5zqv
3763,esp02ue
3764,esox5rk
3765,esozi07
3766,c8se16
3767,espcbi4
3768,c8t6tg
3769,esrcq3y
3770,esrasvj
3771,esqv95n
3772,esqhpib
3773,espp4wo
3774,esrdkfh
3775,c8tapo
3776,et16lon
3777,et2uzxv
3778,est05nv
3779,esvexlm
3780,esvj19o
3781,esvr56h
3782,esqk0km
3783,esvfgof
3784,essxhjm
3785,esru5ct
3786,esr5qsb
3787,esrhf27
3788,essens3
3789,espxxio
3790,ess1rb6
3791,esquiq2
3792,esrv1z6
3793,esqj9gz
3794,esrr8za
3795,esrnsgu
3796,esroldg
3797,esrah36
3798,esrbvae
3799,esrbxxp
3800,esrakv6
3801,esr9ssv
3802,esqraz8
3803,esquqdn
3804,esrafm3
3805,esr8c62
3806,esr9hok
3807,esrae9y
3808,esqmh0t
3809,c8thx0
3810,est495y
3811,c8tjv2
3812,c8ucyq
3813,espxeod
3814,c8ugxs
3815,c8uqhb
3816,c8v2d1
3817,c8v2zz
3818,esqpiii
3819,esq8bom
3820,esq6pnq
3821,esq4i7w
3822,c8v98r
3823,esqx72m
3824,esqmagf
3825,esqg89h
3826,c8vkqe
3827,essbuj1
3828,estrgxq
3829,et7rhic
3830,et5ww57
3831,et1dz1o
3832,et7qpoi
3833,estjn9t
3834,esv5oqc
3835,esqkrr7
3836,esuq9ql
3837,esrgw8v
3838,esuq5ph
3839,esthfvl
3840,estmoa0
3841,essk7dw
3842,esqovsw
3843,esrorxe
3844,esqfwp5
3845,est5me5
3846,ess6rcs
3847,ess9jl2
3848,ess8gq9
3849,ess5qar
3850,ess5600
3851,ess2si7
3852,ess1n8t
3853,esryl74
3854,esrx8m3
3855,esrwy9r
3856,esrr9ic
3857,esrt2kn
3858,esrtprp
3859,c8vskw
3860,et09y6m
3861,estdo3e
3862,esspt1l
3863,essfsx8
3864,essf5n6
3865,esro5kr
3866,et0ae1r
3867,eswljmc
3868,esy5fzl
3869,eswjdhg
3870,esw7sal
3871,esvzy49
3872,esv1256
3873,esw4nye
3874,esv4gb9
3875,esrfr9j
3876,esvw1cn
3877,esrtl1n
3878,esutpco
3879,esqrsnj
3880,esrnx8v
3881,estewxg
3882,essm64j
3883,essmw89
3884,essd3uy
3885,esscx5k
3886,ess7x7c
3887,esrw9sm
3888,ess8llv
3889,ess6e8p
3890,esr42u3
3891,ess7e43
3892,esru42m
3893,c8w1ey
3894,c8wdu2
3895,c8wpzd
3896,esvkrl4
3897,esrbdsr
3898,esqtmqw
3899,c8x69u
3900,esrtt54
3901,esqzgt1
3902,esuy7qh
3903,c8xc2b
3904,c8xofo
3905,c8xpvp
3906,et49vnn
3907,c8xr9q
3908,et49uq9
3909,c8xu4g
3910,c8xuib
3911,et49t6a
3912,et0sc3q
3913,est51eo
3914,esrc6td
3915,et0qs97
3916,esr79ov
3917,et0qnya
3918,esr570m
3919,et0qn7c
3920,esr1a1c
3921,et0qm5q
3922,ess0ep1
3923,esrokkp
3924,estd40u
3925,esroijc
3926,estbvg6
3927,esrkmv3
3928,estb4xr
3929,esrq971
3930,est6cj9
3931,esrvmwu
3932,essx14a
3933,ess1vda
3934,esrrwop
3935,esrwoi7
3936,esrvshm
3937,esrvtfk
3938,esrvdyk
3939,esrunvq
3940,esrsmix
3941,esruvmf
3942,esrrbc1
3943,esrupas
3944,esrue87
3945,esrnqv0
3946,esrso1i
3947,esrsp4p
3948,esror6e
3949,c8xx4z
3950,et4a1jt
3951,c8y33w
3952,et4a0y8
3953,esrh6co
3954,essh6mm
3955,essiuu9
3956,essgifs
3957,essgflx
3958,essbbme
3959,c8y6qi
3960,esw0m5u
3961,esvkke8
3962,esttqh6
3963,estg835
3964,estg4p9
3965,essf6of
3966,essdswr
3967,esschh1
3968,esrxicp
3969,esrrzxv
3970,esrqjcn
3971,esrmmp5
3972,esrhrz4
3973,esvvuz3
3974,esr78zd
3975,esvvrbz
3976,esrqvai
3977,estljet
3978,estlgz7
3979,esszq2a
3980,essikjh
3981,esr64c2
3982,esry0yl
3983,esrftun
3984,esrxbav
3985,esru4cc
3986,esr6a6o
3987,esrp2eh
3988,esr5p81
3989,esrldh4
3990,c8yap4
3991,c8yiop
3992,c8yixq
3993,esvznsg
3994,etbw4ht
3995,etbyhod
3996,etbsaah
3997,esss0zl
3998,esy19ob
3999,esy5b9s
4000,esy3j48
4001,eswiwu4
4002,esy3gdd
4003,esy0mvn
4004,esxgmgr
4005,esx6r07
4006,est2l74
4007,eswekvc
4008,eswgvre
4009,eswdenq
4010,eswb0sl
4011,esw70dt
4012,esw4i48
4013,esuftvd
4014,esw57m4
4015,esw25va
4016,esvs5tf
4017,esv5hkh
4018,essv5ev
4019,esv9o22
4020,estempd
4021,esuaizs
4022,esv4mxg
4023,essd96o
4024,esv1b5p
4025,c8yn64
4026,c8yqqw
4027,esueajq
4028,esv1ys8
4029,c8yrg3
4030,esrh37r
4031,c8yw1l
4032,c8yz7t
4033,esry28j
4034,esrlweo
4035,esrc3cq
4036,c8z2ly
4037,c8z7o2
4038,c8za8n
4039,esrd4xk
4040,c8zbf4
4041,essndi8
4042,esse6qj
4043,c8zolp
4044,esrmna9
4045,esrjnmj
4046,esrioa6
4047,esri8dx
4048,esrhu1c
4049,esrhibe
4050,c8zqaw
4051,c8ztyj
4052,esuzbon
4053,est4qn9
4054,essfipz
4055,esrj2oy
4056,esticy4
4057,c8zu1i
4058,c8zw8c
4059,c8zxdq
4060,esuzn2g
4061,esva0a0
4062,esvytg8
4063,esv51rn
4064,c8zy86
4065,est0eah
4066,essj24z
4067,essh0c8
4068,essdh75
4069,ess5fgo
4070,esrw8pa
4071,esrukmo
4072,esrt79i
4073,esrsyrz
4074,esrqyxu
4075,esrqkyd
4076,esszz4s
4077,est8aoa
4078,esslz2e
4079,essj670
4080,esro5ej
4081,essg2ty
4082,essisr1
4083,esrmzvv
4084,esscu3c
4085,ess02ob
4086,esro0b7
4087,essaisj
4088,esruzck
4089,ess717h
4090,essa95t
4091,esrq5zp
4092,esrsgzz
4093,esrnjop
4094,c902d5
4095,c904de
4096,esro6y0
4097,esrmtx7
4098,ew3l4c5
4099,esrn7ua
4100,esrswvf
4101,essf1l6
4102,esrnamq
4103,c909et
4104,c909qx
4105,c90gb6
4106,esvdsw3
4107,esu0j6j
4108,ess7nmt
4109,esrt2ba
4110,esrpza0
4111,esrptiw
4112,ess8384
4113,esrtjz0
4114,esrwa7l
4115,esrs65n
4116,esrs17c
4117,c90gmk
4118,c90j34
4119,c90l70
4120,c90tg1
4121,esrujil
4122,essb7xv
4123,essh31y
4124,ess0tuu
4125,c90tq2
4126,ess8a40
4127,ess6j0j
4128,esry1yd
4129,ess14jr
4130,c90vuc
4131,c91aac
4132,c91gsk
4133,c91vde
4134,c91vv8
4135,ess2mfz
4136,c91wsb
4137,c92753
4138,c928vg
4139,c92agn
4140,c92eot
4141,c92g3y
4142,c92iba
4143,c92m8n
4144,c92nn1
4145,esskzep
4146,c92rt2
4147,c92sw0
4148,c92x67
4149,esswn77
4150,c92yzr
4151,c930ph
4152,c936m5
4153,et49rn5
4154,esvgzoo
4155,esupeup
4156,estiqj6
4157,estcvme
4158,est2lid
4159,essydqx
4160,essq891
4161,estgo8k
4162,eswkvv0
4163,estivvn
4164,esss04f
4165,esuyqb3
4166,c93awb
4167,c93d2j
4168,c93f5c
4169,esw899d
4170,estv6lm
4171,estge4q
4172,est8y7h
4173,est4ru6
4174,est0cwf
4175,essq6bf
4176,essof3c
4177,essh0sw
4178,et1z2fe
4179,eswvxoo
4180,eswsoi5
4181,esy9rrb
4182,esy2c7a
4183,eswvuuz
4184,est0c8e
4185,essup5g
4186,esu088j
4187,c93im8
4188,c93md5
4189,esv57g5
4190,esuiy1y
4191,est0tf6
4192,essu72j
4193,esspxvr
4194,esslgbh
4195,esutndr
4196,estg20a
4197,essn2b4
4198,esuaiti
4199,esuig30
4200,est9noh
4201,esua7et
4202,estp1ya
4203,esthh6b
4204,estp2ef
4205,est393j
4206,est03t2
4207,essvv6u
4208,essujkb
4209,esstkj8
4210,c93pff
4211,c93phh
4212,f3baamv
4213,f22bv90
4214,f202gll
4215,f1ze3zk
4216,f1ye0g0
4217,f1y8tqr
4218,f1y2f4n
4219,f1xxkff
4220,f1xqbb8
4221,f1xmlha
4222,f1xkivf
4223,f1xkdc4
4224,f1xbb8w
4225,f1xaj37
4226,f1wycob
4227,f1wwj5a
4228,f1wrqc0
4229,f1wnj0f
4230,essmj7a
4231,f2xkj9p
4232,f22027p
4233,f23ajnh
4234,essuz0a
4235,f1ybnn4
4236,f1xbihk
4237,esuxyso
4238,f1xbnog
4239,f1x0xtz
4240,c93ucp
4241,essoein
4242,eswgvga
4243,et3dg6o
4244,essvsn0
4245,c93zrp
4246,c9415z
4247,c944e8
4248,c94540
4249,euk3hr9
4250,esxfxjc
4251,esvl2ai
4252,esvc6cm
4253,esudc00
4254,esucyy4
4255,essqtsb
4256,esvmyw1
4257,esvhaa9
4258,esto4j0
4259,esv6lco
4260,esusk5g
4261,est3pzc
4262,c94brr
4263,c94f4p
4264,et49q5p
4265,eswkgu4
4266,esvumcj
4267,esvp905
4268,esvcbvc
4269,esv6w93
4270,esv4wpl
4271,esuuf8q
4272,estviny
4273,estffth
4274,essye29
4275,et0waf6
4276,esuwmzn
4277,esul4pm
4278,esu1i33
4279,esti851
4280,esxkgiz
4281,esy1mp9
4282,esttnud
4283,eswmfwm
4284,esvn40f
4285,esu9ech
4286,c94ftx
4287,et49qtj
4288,c94jqq
4289,c94o9g
4290,et4v2wi
4291,et49orl
4292,esyae4j
4293,eswsazu
4294,esv8bxs
4295,esthvkz
4296,esycea9
4297,et0pm5l
4298,esyca8y
4299,esyf492
4300,esvelv7
4301,esyd5an
4302,esvguw1
4303,esvdt4h
4304,esyanj6
4305,esyao9v
4306,esw52js
4307,esvmujn
4308,esvw79k
4309,esv9w2g
4310,esvu853
4311,est3kgi
4312,esthop2
4313,esuxz9x
4314,estt8mg
4315,estkaoi
4316,c94opo
4317,esw8ska
4318,et0iemm
4319,et12z1f
4320,esyq4e4
4321,c94q8l
4322,et4a00a
4323,estlq9x
4324,estlg0i
4325,c94vii
4326,et49s7x
4327,et0s9nt
4328,esu7kfy
4329,est3ggl
4330,esumxs7
4331,et0qi1r
4332,et0qhlj
4333,c94wdm
4334,et49pil
4335,et1ob0g
4336,et0s95j
4337,estd7d0
4338,est2ps8
4339,essz0ey
4340,essyt9x
4341,esw5hz2
4342,et0oy7l
4343,esyzufi
4344,et0oxp7
4345,eszyatu
4346,esw7w2y
4347,c959g5
4348,est31sq
4349,c95xd0
4350,esyp3hw
4351,esuuics
4352,eszfbhl
4353,eszfb03
4354,c95zle
4355,et4u0gb
4356,et49nty
4357,eswc3od
4358,eswacdu
4359,esvq2nh
4360,esx6esb
4361,esx6fg5
4362,eswy7yo
4363,esvtg78
4364,eswxytc
4365,estd65p
4366,eswhli9
4367,esw4bzc
4368,esvoddn
4369,esvij6f
4370,esv5coz
4371,esv13sb
4372,esufum0
4373,esu7z13
4374,esvxb56
4375,esucw95
4376,esu1z7x
4377,esv4xcw
4378,esufp0y
4379,estr96i
4380,esus6fk
4381,esulbua
4382,esulghj
4383,esu8cn8
4384,esufxi2
4385,esui9jj
4386,c961nl
4387,esxwj1l
4388,esw9uqs
4389,esu2sfy
4390,estutdc
4391,estn99c
4392,esu1k45
4393,esu5aah
4394,c965a6
4395,esw5d2r
4396,esvxrub
4397,esvug1z
4398,estzbms
4399,estp2gd
4400,esymak6
4401,esylunr
4402,esutg5h
4403,esxds3f
4404,eswgjke
4405,c96fzs
4406,c96fzz
4407,esv7022
4408,esv52nl
4409,esuotx9
4410,esuorew
4411,esuh2rs
4412,esub40m
4413,esu032j
4414,estvf5q
4415,estquwd
4416,estid7x
4417,esuoug8
4418,c96p6m
4419,c96sdn
4420,c97cqs
4421,estrv2z
4422,c97hqc
4423,eswc89v
4424,eswbzd2
4425,eswbhn8
4426,esw4kri
4427,esvgspu
4428,esv24z2
4429,esuvbzs
4430,esui6dh
4431,esvosqg
4432,c9899s
4433,c98i1i
4434,c98ktn
4435,c98lga
4436,esy4tb6
4437,esvvs4r
4438,esv700y
4439,esxthld
4440,c98lvu
4441,et49sp1
4442,c98pbp
4443,et4ad4r
4444,et49x2o
4445,et0s7x4
4446,esvr1uu
4447,esvehgw
4448,et0qeij
4449,et0q6lb
4450,et0q4l7
4451,et0ouel
4452,esyarot
4453,esvwrx3
4454,esv23ow
4455,et0q2up
4456,et0opnj
4457,esvxhbf
4458,esv14pj
4459,et0q2ca
4460,et0om5e
4461,esv0od5
4462,et0q1pk
4463,et0oley
4464,et0nrdw
4465,et02b7d
4466,et0nfev
4467,eszw447
4468,et0ms5r
4469,esyau52
4470,esuu06q
4471,esvwotd
4472,esyanba
4473,c98phw
4474,c98qvx
4475,et49u9q
4476,et0s797
4477,esw19rf
4478,esvfjpo
4479,esuzwqx
4480,esubr3i
4481,esyggc4
4482,et0xbkp
4483,et0lw7q
4484,et0mwdp
4485,esyaj7o
4486,esvxs9n
4487,esyadfy
4488,esyabts
4489,esvd1hy
4490,esvimgp
4491,esuscgh
4492,esvdl12
4493,esuhcrb
4494,esud0c1
4495,esufqzj
4496,c98ski
4497,et49xit
4498,c98vne
4499,et49yj9
4500,et0s6je
4501,esvy2xy
4502,esvmhs7
4503,esv3x59
4504,esv0l5f
4505,esuddxi
4506,esya7hi
4507,esya1jm
4508,esy9wfh
4509,esvzfuq
4510,c99cty
4511,c99l4q
4512,esxc7ae
4513,eswdxow
4514,esx5a8f
4515,eswjlmg
4516,c99o4d
4517,c99u4u
4518,c9a7t3
4519,et2aahc
4520,eswwx30
4521,c9akak
4522,c9alb9
4523,c9azwu
4524,c9b1kr
4525,c9b1rw
4526,c9b4u7
4527,c9b5x0
4528,c9bayw
4529,c9bd20
4530,c9be5f
4531,et49v6p
4532,et0w5ld
4533,et0s5tm
4534,eswb9d7
4535,esw15wl
4536,esvywy2
4537,et08cu2
4538,et0na93
4539,esy99yx
4540,esy9joe
4541,esy97f3
4542,c9bg41
4543,esz20if
4544,esw33lv
4545,esw2a8e
4546,esvxsu1
4547,eszjx9j
4548,et1kgmj
4549,eszinms
4550,et1kev7
4551,et0b3y6
4552,eswjsf4
4553,esyv698
4554,esy5dex
4555,esy77df
4556,esy33pg
4557,esy0yzf
4558,esw8hky
4559,eswe4z6
4560,eswagj7
4561,eswamki
4562,c9bgzp
4563,et4ac2d
4564,et49wm2
4565,et0s46o
4566,et0s3gr
4567,et0rpe5
4568,esxxk6j
4569,eswjrn6
4570,eswf6mu
4571,esvn0g1
4572,esvilvi
4573,esvijuu
4574,esy7ldm
4575,esxqsok
4576,esvn8ef
4577,esvl9ct
4578,esvkieu
4579,c9bi6n
4580,c9bk1p
4581,esyb9ty
4582,esw8nax
4583,esvzjzi
4584,esvw5q2
4585,esvr9j8
4586,esw1rqt
4587,c9bl64
4588,c9bok9
4589,c9bsqs
4590,c9bujh
4591,c9bw4x
4592,c9c16w
4593,c9cbo6
4594,c9cg00
4595,c9ci9q
4596,esw9c2j
4597,esw49gv
4598,eswigp9
4599,eswmc5j
4600,eswlbrk
4601,eswg18g
4602,eswczsv
4603,esw7t56
4604,esw6i2f
4605,c9cj1o
4606,esw38ie
4607,esw2wb5
4608,c9ck8u
4609,eswadez
4610,esx6nae
4611,c9cmib
4612,esw5q7g
4613,esw20p0
4614,eswm74e
4615,eswoq7u
4616,eswkjnq
4617,eswaog6
4618,eswbdy4
4619,eswbwag
4620,esw8aqd
4621,c9cpsi
4622,esz7o15
4623,esyepkc
4624,esyappq
4625,esxbu8w
4626,esx28js
4627,eszw1cc
4628,et1ljq1
4629,eszveys
4630,et1l58j
4631,esx79na
4632,esx918a
4633,esxe34j
4634,esw6bvk
4635,esyxk54
4636,esxbbof
4637,esxe79w
4638,esxcx45
4639,esx6hw2
4640,esx593x
4641,esx9tpj
4642,esx4h7l
4643,esx9hlz
4644,esx40dv
4645,esx7q76
4646,eswykg8
4647,esx6tld
4648,eswwc3s
4649,eswqy2h
4650,eswsay0
4651,esws505
4652,eswv9gf
4653,c9d3ra
4654,et021ad
4655,esy20se
4656,esx1ftp
4657,esx0yx1
4658,eswy0az
4659,eswdqga
4660,eswbfym
4661,esy97fr
4662,esx25aw
4663,eswbyuf
4664,c9dhrm
4665,c9djfv
4666,esx482j
4667,esxtown
4668,c9dk9m
4669,c9dnip
4670,et5muqc
4671,et2mszq
4672,et0z4z5
4673,et0t9t1
4674,et1tqh3
4675,esx7p6d
4676,et1i66b
4677,esxyn9n
4678,et0szie
4679,esycxdk
4680,esx1yzf
4681,et0l11a
4682,esydwjs
4683,eszoyr4
4684,esyrbjx
4685,esz2i7t
4686,esx8lyf
4687,esybyuk
4688,esyol1r
4689,esyhx7u
4690,esyo1ig
4691,esyhryc
4692,esyo0db
4693,esx7ojk
4694,esyk6h0
4695,esydfam
4696,esyi4ax
4697,esy6dn3
4698,esyg525
4699,esyfid3
4700,esyf6p0
4701,eswxyze
4702,esxrahs
4703,esxrogc
4704,esydjbf
4705,esxux82
4706,c9dprm
4707,c9dq44
4708,c9dqn2
4709,esxdt2x
4710,c9dwqb
4711,c9ejrg
4712,et13qbj
4713,c9f3bb
4714,c9fo23
4715,c9folw
4716,et0gn2u
4717,et01s3k
4718,esyvlmk
4719,esyewac
4720,esxwz96
4721,esxvogu
4722,esxmyh7
4723,esyipwy
4724,c9foq4
4725,c9fzp1
4726,et20qj2
4727,et1xboc
4728,et0z6nu
4729,et0thl7
4730,et0hr1z
4731,et0biis
4732,et052k7
4733,esz3m9h
4734,esyupm7
4735,esyty1x
4736,esyrge5
4737,esyomq0
4738,ew1kowe
4739,et01qme
4740,esyufdf
4741,esydnzf
4742,et2216n
4743,esyq6e3
4744,et1sxi9
4745,esy60ck
4746,et1r1in
4747,et11mn7
4748,esyyqnm
4749,et0nikq
4750,et0iubj
4751,esy5hsr
4752,et09uf6
4753,eszk7zy
4754,et03yjm
4755,esyj5wo
4756,esyv5wu
4757,c9g0w6
4758,c9g436
4759,esyb756
4760,esyau4p
4761,c9g5q5
4762,et1naka
4763,et1mbqe
4764,et147vk
4765,esykkqp
4766,esyk99j
4767,esxy96x
4768,esxulvj
4769,esxti7c
4770,eszdema
4771,esyh7wp
4772,esyy70i
4773,esyz7d9
4774,esyhhq9
4775,esylkw1
4776,esykq5o
4777,esy3fc8
4778,c9gctu
4779,c9gh1u
4780,et0s2cs
4781,c9gm6e
4782,c9hc7l
4783,et35ow4
4784,et1ulbw
4785,et1u4af
4786,et1jf2t
4787,esyz0fu
4788,esyb81g
4789,et075ny
4790,et5w10a
4791,et1bg8s
4792,et1bj73
4793,et0zl37
4794,eszrxem
4795,c9hcn6
4796,c9hi47
4797,et57106
4798,et3v9is
4799,et1gqkq
4800,et0r7fw
4801,esz66bl
4802,esylj2o
4803,esyl74f
4804,esyewxe
4805,eszcnaq
4806,et5dwnd
4807,eszhxe8
4808,et595j0
4809,esz9ovh
4810,et585w7
4811,esyqmhn
4812,et3vgg7
4813,eszkjnd
4814,et0o3x3
4815,et13ktp
4816,et108dl
4817,et0w5h9
4818,esyppyv
4819,c9hlxf
4820,et1ss74
4821,et0a0b8
4822,eszmsu4
4823,esylu9j
4824,esyh64h
4825,esyzsrb
4826,c9hna9
4827,c9hqc3
4828,esyftg2
4829,c9hset
4830,et1xlxj
4831,et1nt4r
4832,et1llxm
4833,et189ft
4834,et15jw3
4835,et0uviq
4836,et0ru93
4837,et0oxsm
4838,esyn171
4839,esykv7g
4840,esyk89r
4841,esyk0sv
4842,et1i1h4
4843,et41tmi
4844,et1gxr8
4845,et1at45
4846,et0hmds
4847,c9hxb7
4848,et9ytm3
4849,et1f4hw
4850,et19hmr
4851,et0qyxw
4852,et0n63b
4853,esymr30
4854,et3bfgr
4855,c9i8lp
4856,c9icce
4857,et55810
4858,et4ye52
4859,et4b0yc
4860,et41125
4861,et3au7e
4862,et2rou9
4863,etbyem0
4864,et3afpa
4865,et5t5s6
4866,et5ucza
4867,et0vhng
4868,et3mt37
4869,et52fxg
4870,et5q0qs
4871,et46sec
4872,et0oxq1
4873,et3d0w4
4874,et3d5na
4875,et3cgyo
4876,et3c65z
4877,et3bz8p
4878,et3b2ef
4879,et3ac3c
4880,et3b806
4881,et3ah2y
4882,et399ei
4883,et39ffh
4884,et3a0p7
4885,et29708
4886,et1pja5
4887,c9j11g
4888,c9jg34
4889,c9ke20
4890,et4k44b
4891,et0lcoy
4892,esza4j0
4893,esz7kha
4894,et33dre
4895,et4k6cw
4896,et241b4
4897,et4jiz3
4898,et0u3pw
4899,et0h974
4900,eszdaaw
4901,c9kn7q
4902,et1z35i
4903,esz9lj3
4904,c9m5v6
4905,c9mgmh
4906,et17dkc
4907,et12x5p
4908,et0k8hz
4909,c9nb19
4910,c9nm5k
4911,et27h3o
4912,et1hf2k
4913,et1d6s2
4914,et0xha7
4915,et08zu9
4916,et5j7ws
4917,et5m6je
4918,et41lf3
4919,et19epr
4920,et2tf0w
4921,et1o7t1
4922,et0bos6
4923,c9nq97
4924,et55zg5
4925,et0ji38
4926,et5oev0
4927,et565hq
4928,c9nteh
4929,et4k0f7
4930,et3rupa
4931,et3kz4y
4932,et22v07
4933,et1ywtn
4934,et1uhtm
4935,et16pdi
4936,et0y8e6
4937,et0j3wx
4938,et0gz7v
4939,et0gthn
4940,et0fek6
4941,et0f9jk
4942,et0ewuo
4943,et0dtqo
4944,et0cxcr
4945,et0gmjz
4946,et0d8jy
4947,c9o5hj
4948,c9oo1m
4949,et132zk
4950,et0m0t2
4951,et16ei2
4952,et13huq
4953,et0yz69
4954,et16coe
4955,et0vuc0
4956,c9otgp
4957,c9ou17
4958,et5qf5g
4959,et1t0e4
4960,et1hmrm
4961,et1edki
4962,c9ozym
4963,ew1kdn2
4964,et5hfla
4965,et2fvch
4966,et1ffz0
4967,et0r9om
4968,et1fn4n
4969,c9pa7j
4970,et0ykas
4971,et0tjxx
4972,c9pvdm
4973,c9pzjz
4974,c9q48f
4975,et9iyb9
4976,et5rnvg
4977,et3olkp
4978,et22kud
4979,et1wjo1
4980,et1968u
4981,et18q9m
4982,et16ihk
4983,et2biqq
4984,et9ji8z
4985,et2atxr
4986,et68cp2
4987,et3qgi9
4988,et5hzx5
4989,et2pg4e
4990,et3qept
4991,et2y05p
4992,et3qalt
4993,et2az5g
4994,et2bhke
4995,et2bm1c
4996,et2dg5i
4997,et2b786
4998,c9q4xm
4999,c9qam0
5000,c9qamd
5001,c9qcvo
5002,c9rgx2
5003,et6szoy
5004,et60gd2
5005,et5zr3w
5006,et5rtoa
5007,et5m5lb
5008,et5luwn
5009,et5ijez
5010,et4nobo
5011,et4eap4
5012,et3ky3l
5013,et3ek2m
5014,et2zo5k
5015,et2xc5p
5016,et2rv0d
5017,et6vfn1
5018,et62xv1
5019,et6k5jf
5020,et5lz3g
5021,et5m7qr
5022,et5q9st
5023,et5mcct
5024,et3o8oz
5025,et5lw91
5026,et5m3ss
5027,et4ehsa
5028,c9rn39
5029,c9rp52
5030,et5620z
5031,et2zpri
5032,et2sv6b
5033,et2kq9v
5034,et29b0c
5035,et54ajy
5036,et5r7ah
5037,et4oge5
5038,et5n3bp
5039,et1wbxf
5040,et23pry
5041,et4pnj3
5042,et2lwsh
5043,et34krn
5044,et39lhw
5045,et490hp
5046,et1z8gf
5047,et1xbwf
5048,et300fk
5049,et2q3xa
5050,et29prs
5051,et2450q
5052,et30i1d
5053,et21fua
5054,et302jg
5055,et2uspd
5056,et23vab
5057,et2qkme
5058,et2qeiu
5059,et2oceo
5060,et296ki
5061,et29cp3
5062,et1y2w2
5063,c9rpnx
5064,c9rssi
5065,c9s9eu
5066,et5ryu5
5067,et5l70y
5068,et37dcl
5069,et31cuk
5070,et2j1id
5071,et2imcb
5072,etaqqs0
5073,et5lpht
5074,et2m8rr
5075,et5umrr
5076,et3hehi
5077,et2l3wd
5078,et2jaxg
5079,c9s9gs
5080,etubs1j
5081,et5kauk
5082,et5gh5b
5083,et57j2a
5084,ett6snw
5085,ett7078
5086,et32eh5
5087,ett6z1t
5088,et3m3em
5089,ett6x1r
5090,et2j7kv
5091,eta4ks6
5092,ett6l5f
5093,et5mbkc
5094,et3egym
5095,et5y0o7
5096,et2jw1g
5097,et5sa8k
5098,et5mtos
5099,et5fi7s
5100,et5rxk5
5101,et5li7q
5102,et4ehq1
5103,et5e1fv
5104,et2ajza
5105,et5jku2
5106,et44h0t
5107,et5he1f
5108,et5f485
5109,et5eu1v
5110,et5ediz
5111,et5ebc2
5112,et54lo3
5113,et58wa5
5114,c9sabi
5115,c9sc0z
5116,c9scdv
5117,et2467a
5118,et240fq
5119,et295ru
5120,et3mxhb
5121,et2uz1s
5122,c9shbp
5123,et5efzc
5124,et4terz
5125,et4oc7p
5126,et48q4r
5127,et3ayma
5128,et2wkzs
5129,et6521k
5130,et93ofz
5131,et6h6tu
5132,et5m2yk
5133,et41hg8
5134,et41hpv
5135,et554hd
5136,et57buk
5137,et403l5
5138,et3znp3
5139,et3y0sl
5140,et38pc1
5141,et3cbv2
5142,et38xny
5143,et3rgr0
5144,et2gcye
5145,et3h8d3
5146,et36c54
5147,et3gq6u
5148,et37r13
5149,c9soio
5150,et6rk5f
5151,et37gql
5152,et2xr1a
5153,et2fjw0
5154,c9sxlc
5155,et53oie
5156,et4wdg5
5157,et497c5
5158,et38oqn
5159,et5o9tw
5160,eta6kkq
5161,et4us63
5162,et5obut
5163,et56n4y
5164,et5ldod
5165,et5mtng
5166,et4z5cq
5167,et3b504
5168,et56ol6
5169,et5542g
5170,et49g0j
5171,et50uas
5172,et3b7w9
5173,et3cnq0
5174,et370ez
5175,et2hp08
5176,et49uqm
5177,et3997y
5178,et3b2pf
5179,et3bsxr
5180,et2i5q8
5181,et38wur
5182,et34fi7
5183,et31u6s
5184,c9szqt
5185,et5wg1p
5186,et4sniv
5187,et3dzd4
5188,et2y5j1
5189,et2uyqf
5190,et2tvz6
5191,et2kmxz
5192,et2fc3i
5193,et5wgi2
5194,et4q8sq
5195,c9t0dl
5196,et2pidm
5197,et2kx5k
5198,et2mr8s
5199,et4ltel
5200,et2q7xt
5201,et2pm6u
5202,et2m63m
5203,et2l88v
5204,c9tl0x
5205,et572sw
5206,c9tlod
5207,et3143y
5208,et2py8k
5209,et2rgbl
5210,et315sx
5211,et2werq
5212,et2r8oo
5213,et2q4z1
5214,c9toca
5215,c9tqwo
5216,et4a94j
5217,et3o8kr
5218,et2tbv8
5219,et4ucht
5220,et54izs
5221,et4us04
5222,et33ltk
5223,et2une5
5224,c9trmx
5225,c9tusd
5226,c9ty9d
5227,c9u39g
5228,c9u6uo
5229,et9atrl
5230,et5o8lt
5231,et4t0bo
5232,et4kfpn
5233,et4g35d
5234,et410s4
5235,et3zbmq
5236,et3qhu4
5237,et3pa5n
5238,et3j04j
5239,et3eoyc
5240,et38ows
5241,etask5q
5242,etb0uhh
5243,et4kb9m
5244,et7kflw
5245,et7kat3
5246,et5z412
5247,et5met6
5248,et59aae
5249,et4kpkd
5250,et3qq7o
5251,et41o31
5252,et3fsgd
5253,et34il0
5254,et3bm54
5255,c9u7d6
5256,et4e60k
5257,et3il03
5258,et3evte
5259,et2wd15
5260,et5fs74
5261,et65vqa
5262,et5c149
5263,et5rs2z
5264,et5mc18
5265,et5fmvk
5266,et4vz7t
5267,et4v6z3
5268,et3d18f
5269,et3bzvz
5270,et37hbe
5271,c9u90z
5272,c9umbl
5273,et4hr1e
5274,et4fzjd
5275,et5ev05
5276,et5estk
5277,c9urk4
5278,c9us7o
5279,c9uwjb
5280,et5waqb
5281,et506j5
5282,etkouom
5283,c9v1ux
5284,c9v3xz
5285,c9v5mq
5286,c9v5tt
5287,c9vf1h
5288,c9vhc4
5289,c9vhlc
5290,et51t27
5291,et4zz9f
5292,et3nnw4
5293,et3jyxs
5294,et5vtn9
5295,et5em4p
5296,et4ov8z
5297,et5rudm
5298,et3vsy4
5299,c9vhqh
5300,et3bdmm
5301,c9vjla
5302,c9vodw
5303,c9vqua
5304,et5wd3f
5305,et5nnrr
5306,et3zfvr
5307,et3n8dc
5308,et3j5zq
5309,et3m1zl
5310,et4nr44
5311,c9vslc
5312,c9wi7k
5313,et6k460
5314,et5x5qi
5315,et5uf1x
5316,et5870d
5317,et3rd0v
5318,et62igi
5319,et68h2s
5320,c9wlwr
5321,c9woiv
5322,et5uv27
5323,et5i2kg
5324,et5fc8e
5325,et5efo8
5326,et5e9je
5327,et59ocg
5328,et58qco
5329,et58ott
5330,et58cwo
5331,et56l8o
5332,et4q6wi
5333,et4mb5x
5334,et59i7m
5335,et8k00u
5336,et5ljc2
5337,et5ayik
5338,et8h1n5
5339,et5oec9
5340,et629b7
5341,et5o9f4
5342,et58lbp
5343,et58rt3
5344,et56vav
5345,et5854m
5346,c9xpyy
5347,et8zf68
5348,et5oebe
5349,et5lxdf
5350,et5lrz7
5351,et5gcqf
5352,et5ehqj
5353,et5aiy8
5354,et50hpr
5355,et4v986
5356,et4udpt
5357,et4niwl
5358,et4k35k
5359,et4fnof
5360,et9wj65
5361,etb2kvv
5362,et4fuif
5363,et4esgq
5364,et5ss3i
5365,et4zisb
5366,et5h4dz
5367,et4c0u3
5368,et518tx
5369,et4k22b
5370,et4zt9v
5371,et4nvwu
5372,et448sc
5373,et4o0xz
5374,et440yj
5375,et4n0sb
5376,c9y034
5377,et51c87
5378,et5yqnz
5379,etbmmiq
5380,et5werx
5381,c9y58t
5382,c9yitl
5383,et5k3pl
5384,et58wov
5385,et58jdp
5386,et4z4r5
5387,et4uyr0
5388,et5ay4y
5389,et5vx0k
5390,et5vv59
5391,et5rc1i
5392,et5rq59
5393,et5r8ag
5394,et5r5vr
5395,et5lg94
5396,et5o06d
5397,et5pjck
5398,et5nhel
5399,et5o4se
5400,et5nr59
5401,et5n6l2
5402,et5lg0u
5403,et5klvx
5404,et5gprq
5405,et5b2c1
5406,et5drj7
5407,et4wm4v
5408,c9yrcp
5409,et58aae
5410,c9yx6j
5411,et5hkwm
5412,et4p2lm
5413,et4xoyb
5414,et4yzrr
5415,et4wuzh
5416,c9yxfo
5417,et9uh30
5418,et8q6ti
5419,et614my
5420,et5icyf
5421,et4ysjp
5422,et4w9dy
5423,et4okcw
5424,et4ll2l
5425,et4k3aa
5426,et4hgrv
5427,et4gv1n
5428,et5nzy3
5429,et4k8bj
5430,et55gci
5431,et4oec2
5432,et4r9uu
5433,c9zdoe
5434,et6qroz
5435,et4oxwu
5436,et5n985
5437,et4tyv2
5438,c9zdun
5439,ca1107
5440,et67ylb
5441,et62za6
5442,et601x7
5443,et5z4dl
5444,et5guwy
5445,et8low7
5446,et5rw49
5447,et8llr3
5448,et5wj7n
5449,et7j3p7
5450,et6eyfg
5451,et5oneh
5452,et6qam4
5453,et5tt59
5454,et6knq6
5455,et67azj
5456,et60idq
5457,et67euq
5458,et6f896
5459,et68ef1
5460,et69upv
5461,et67j2b
5462,et628nq
5463,et62oev
5464,et63exv
5465,et5w729
5466,et674cu
5467,et636jq
5468,et65n4m
5469,et62zcz
5470,et5w29q
5471,et572ie
5472,et5y9cv
5473,et5yaed
5474,ca18g8
5475,ca1b4y
5476,ca1cyr
5477,ca1ipt
5478,ca1j47
5479,ca1khs
5480,ca1qh7
5481,ca1ywd
5482,ca24ha
5483,ca29em
5484,et5i98l
5485,et5cxhk
5486,et8uryi
5487,et5ejkq
5488,et5df5a
5489,et8plze
5490,et8q2cj
5491,et8pe2e
5492,et6oglv
5493,et7kw0s
5494,et6egh6
5495,et5ltiz
5496,et5wsxq
5497,et5y7vl
5498,et5tl2t
5499,et5oa1i
5500,et5msge
5501,et5emc3
5502,ca2asu
5503,ca2bpg
5504,ca2edg
5505,ca2fqg
5506,ca2i9e
5507,ca2lj5
5508,ca2n49
5509,ca2n61
5510,ca2nqz
5511,et5tjwf
5512,et5lm0a
5513,et5j3r2
5514,et5iyg2
5515,et5gevm
5516,et9kcb1
5517,et9rt0s
5518,et90z3m
5519,et92u8b
5520,et9k7rb
5521,et92fbp
5522,et8sh4c
5523,et60m4t
5524,et8unza
5525,et6esdy
5526,et5w19v
5527,et815tg
5528,et64ze2
5529,et5z1v8
5530,et5w3i6
5531,et5w0jk
5532,ca2x2g
5533,ca2z0e
5534,ca39km
5535,ca3ck8
5536,ca3eix
5537,ca3f78
5538,et8guy1
5539,et68rnu
5540,et5py4z
5541,et5o12t
5542,et5n5tb
5543,et5mjad
5544,eta5nnn
5545,et78qkt
5546,ca3m6w
5547,et619l4
5548,et5z0oi
5549,ca3pqq
5550,et8pvvo
5551,et8oew4
5552,et8m94t
5553,et79b4u
5554,et67vj4
5555,et5wrq6
5556,et5r7uo
5557,et8vnbm
5558,ca3qux
5559,et8mfb4
5560,et80wdf
5561,et604ow
5562,et5vv0o
5563,et5r9xi
5564,et5qu87
5565,et5prf4
5566,et5oe5w
5567,et5o120
5568,et5n9g4
5569,et5n7hw
5570,et65j95
5571,et9nwm3
5572,et66a1o
5573,et5p71a
5574,et5wwks
5575,ca3rxo
5576,ca3s79
5577,ca3tts
5578,etazj6l
5579,et5q7lb
5580,ca3y1o
5581,et6gprv
5582,et5ycu2
5583,et5rqd3
5584,et66rn9
5585,et66xyv
5586,ca3z8v
5587,et8tka9
5588,et710x7
5589,et6ixj5
5590,et65eiv
5591,et603ge
5592,et5w67x
5593,et5vdtx
5594,et5uz3c
5595,et5q1bs
5596,et5p5xc
5597,et63ilf
5598,et669m6
5599,ca42cx
5600,ca43hn
5601,ca49lp
5602,et7u004
5603,et5yu6v
5604,et5vesl
5605,et5qrjf
5606,ca4i8i
5607,et8pzr0
5608,et71936
5609,et64qal
5610,et5s26w
5611,et7xfar
5612,et5xsje
5613,ca4oyu
5614,ca4tn1
5615,ca4u58
5616,ca4xu8
5617,ca4y9e
5618,ca4yhe
5619,et5zw8l
5620,et5zift
5621,et5usxq
5622,et5uqrr
5623,et64fos
5624,et6s4c3
5625,et6opuc
5626,et6bluc
5627,et63icq
5628,et69up6
5629,et63lf8
5630,et5wurp
5631,et63f4h
5632,ca500w
5633,et6cvyd
5634,ca50cl
5635,et6pots
5636,et6gtd9
5637,et5wn3o
5638,et6i1wq
5639,et6pwsc
5640,et6g0p0
5641,et5z3b9
5642,et6gc4z
5643,et6aboj
5644,et5xs7l
5645,ca53qb
5646,et5wjjl
5647,et5wbwx
5648,ca594s
5649,ca5al8
5650,et8n4z2
5651,et7wyw4
5652,et6tc93
5653,et8xpae
5654,etanu9t
5655,et8xk5c
5656,etansaq
5657,et98irq
5658,et9htdx
5659,et6jzxn
5660,et7atep
5661,et8xj4i
5662,et8xgns
5663,et6hdbq
5664,et6ho89
5665,et8q13d
5666,et8ptr5
5667,et8c7l2
5668,et8orby
5669,et8clgr
5670,et7d6s1
5671,et8cbx2
5672,et7zkaw
5673,et7y6j8
5674,et6duzp
5675,et6g8nd
5676,et7et9l
5677,et6gew7
5678,ca5ch6
5679,et8vt43
5680,et769k5
5681,et6qhj5
5682,et6eyx3
5683,et6515h
5684,et645z3
5685,et602ja
5686,et5znxt
5687,et5ycdq
5688,et5ybyf
5689,et5xypc
5690,et5xktj
5691,et6fxzl
5692,et67low
5693,et643mm
5694,et62ct0
5695,et60s40
5696,et5yw19
5697,ca5e34
5698,ca5j8f
5699,ca5jtm
5700,ca5kru
5701,ewpc4is
5702,et9cnbx
5703,et8rlct
5704,et711uh
5705,et6kcbt
5706,et6g38d
5707,et5y74u
5708,f0oc9j5
5709,et6ognn
5710,et8oim9
5711,et953f2
5712,et6mtkw
5713,ca5zdo
5714,ca5zn3
5715,et62skc
5716,et681p1
5717,ca613u
5718,ca62ll
5719,et66gty
5720,et65u1y
5721,et78ky2
5722,ca65j8
5723,et79xce
5724,et79o85
5725,et721th
5726,et6w0tq
5727,et9x0af
5728,et6w331
5729,et93a6u
5730,et93euv
5731,et92xm9
5732,et92l7u
5733,et91zx7
5734,et914ry
5735,et8xoaz
5736,et8ygne
5737,et9121y
5738,et8mo2y
5739,et8s9kl
5740,et8y2q0
5741,et8mrsc
5742,et6pfm9
5743,et8r6g0
5744,et6ssji
5745,et6wyec
5746,et6qn2p
5747,et8mm31
5748,et6jdcp
5749,et8meql
5750,et6zn9e
5751,et76jkb
5752,et6y832
5753,et6w0lg
5754,ca6akx
5755,ca6b09
5756,et7fge6
5757,ca6l57
5758,ca6rlu
5759,ca6ueu
5760,et8q8l4
5761,et8a9sp
5762,et83jqv
5763,et7xgnk
5764,etcdxxq
5765,et90cnl
5766,etbkdcm
5767,et902wk
5768,etbjyh6
5769,et90clk
5770,et90uuj
5771,et8rymb
5772,et90pic
5773,et8nf6b
5774,et904n3
5775,et74sms
5776,et907vk
5777,et8q5u2
5778,et8mzby
5779,et8mwx8
5780,et7wyx8
5781,et8s84e
5782,et7ot4g
5783,et7c0wx
5784,et7odr3
5785,et6belw
5786,et8ldxt
5787,et741qg
5788,et83cni
5789,et76tyw
5790,et7zv36
5791,et6o7ex
5792,et686rk
5793,et7s3fp
5794,ca6um9
5795,ca71q0
5796,ca73gg
5797,et84wrr
5798,et81stg
5799,et6tpb6
5800,etdclcx
5801,ca74jw
5802,et8ql9u
5803,et6ppap
5804,ca7952
5805,ca7hor
5806,ca7k5m
5807,et7u33r
5808,et6i8wr
5809,ca7nyr
5810,ca7qls
5811,et6ghyx
5812,ca7qr5
5813,ca7tgf
5814,ew3pank
5815,etdx2yk
5816,etbtf37
5817,et9npwj
5818,et96rqs
5819,et8zy2e
5820,et6j680
5821,evzpvl4
5822,etbsn32
5823,etaqu9p
5824,et9507y
5825,etddtkh
5826,etdes0e
5827,et7ylre
5828,et7jnbk
5829,etbsoqm
5830,eta12vk
5831,etb229q
5832,et8r4p2
5833,eta1hsv
5834,et8trd4
5835,eta1gta
5836,et8f9sh
5837,et9zzo4
5838,et8st8m
5839,et9zvnh
5840,et6jnrs
5841,et9lu62
5842,et8qu29
5843,et9j62f
5844,et9hf3r
5845,et9iv8c
5846,et8se31
5847,et7e9bh
5848,et95t8f
5849,et6y6ll
5850,et8ymz2
5851,ca7uu1
5852,etbleob
5853,et8qh38
5854,et7hkqm
5855,et6i7i9
5856,et6gxha
5857,et8kytc
5858,et98ehu
5859,et7v6x6
5860,et6thbe
5861,et7amyn
5862,et6k2uc
5863,ca7v4e
5864,ca7vu0
5865,ca7z8l
5866,etdxzqa
5867,etc8nzq
5868,et8ylq9
5869,et8gka6
5870,et8ta4u
5871,et9ie4m
5872,et8th6w
5873,et8195r
5874,et9hc97
5875,et8tktz
5876,et8kf8x
5877,et97f1i
5878,et8l0x3
5879,et7xnsz
5880,et8vl7j
5881,et8v0kd
5882,et8v3a4
5883,et8uy8t
5884,et8sx3d
5885,et8sszv
5886,et8rz87
5887,et8qxsl
5888,et8qlgt
5889,et8lfqm
5890,et8l9g3
5891,et8c0xz
5892,et8kct3
5893,et85b6a
5894,et89rzt
5895,et8hreb
5896,ca80e8
5897,et8mb65
5898,et8tcl0
5899,et8mbf5
5900,ca80vo
5901,ca85ld
5902,etc3spc
5903,et8qcqm
5904,et6k7q8
5905,ca8937
5906,ca8de9
5907,ca8iat
5908,ete17kp
5909,et9ipqc
5910,et95da9
5911,etgzprc
5912,ca8ktn
5913,et8qjvs
5914,et8qj46
5915,et6of8d
5916,ca8ku5
5917,ca8kxq
5918,etds8ny
5919,etbssoz
5920,et9qvuv
5921,et9o5o3
5922,et9caaf
5923,et8xhnc
5924,et8nj8q
5925,et8mcqi
5926,et8lxnx
5927,et8jptp
5928,et8cjjl
5929,et8a3gx
5930,et855zu
5931,et7x4mn
5932,et7vwx2
5933,etbswx4
5934,etbsukm
5935,etbsuwp
5936,et9598f
5937,et6yogp
5938,et956wz
5939,et75g5n
5940,et9545s
5941,et8mcey
5942,et8ra0h
5943,et6ykmj
5944,et6zcn5
5945,et7yn4d
5946,et7xaqo
5947,ca8lhl
5948,ca8ll6
5949,ca8nuj
5950,et9nzil
5951,et958b6
5952,et8phz2
5953,et8m2lp
5954,et7oql2
5955,et7h6i2
5956,et7dpa3
5957,et7a5ns
5958,et741mo
5959,et6ys2o
5960,et6ruzs
5961,et6qrru
5962,et7ybx7
5963,ca8oyv
5964,ca8se8
5965,et8jvj7
5966,et84t9v
5967,et81ful
5968,et6veig
5969,et6r6dk
5970,et6qxgz
5971,etafi68
5972,etb98k1
5973,et6shpm
5974,et89gi7
5975,et6wa20
5976,et7wmd0
5977,ca8wge
5978,ca8xwq
5979,et6tnpy
5980,et7qhkv
5981,et76eda
5982,et7495b
5983,et77lrn
5984,et7bi8a
5985,et7758m
5986,ca8z7k
5987,et6tu5n
5988,et6sshu
5989,ca93c5
5990,et6wmgu
5991,et6ts35
5992,ca93lh
5993,et6xp90
5994,et6tpns
5995,et8eu00
5996,et8hmz8
5997,et8d42m
5998,et8b2zv
5999,ca95lj
6000,ca96n3
6001,et7gpeh
6002,et6zw7d
6003,et6za6q
6004,et6vxi9
6005,et6vjxy
6006,et81ivy
6007,et8pg3p
6008,et8nhvw
6009,et8b2jz
6010,et8m2v0
6011,et7rz7a
6012,et8lt78
6013,et7ub5h
6014,et7x0ho
6015,et7r7lu
6016,ca9a67
6017,et7pm2d
6018,ca9f6d
6019,et8mk86
6020,et7e7sp
6021,et6y7kv
6022,et6x7pw
6023,ca9kw8
6024,et6yx3p
6025,ca9o0h
6026,ca9obf
6027,et7084n
6028,et6zz8u
6029,ca9ucv
6030,caa1vf
6031,et8ap4s
6032,caaod7
6033,caapvn
6034,caaz0h
6035,caazq1
6036,et971nz
6037,cab0y4
6038,cab1yb
6039,et8uio6
6040,et7i2en
6041,et7d33z
6042,et8nupf
6043,et8o3mr
6044,et8jm37
6045,et8blxr
6046,cab9pt
6047,et7f77u
6048,cabbid
6049,et9vlqr
6050,et9370l
6051,et8cu9z
6052,et8s3k8
6053,et8smia
6054,cabw33
6055,et9wk6z
6056,et96z5s
6057,et8w4ku
6058,et81pbx
6059,et8cm7w
6060,et89536
6061,cac1qo
6062,cac5tu
6063,cac61w
6064,cad98i
6065,et91spj
6066,et8m6cr
6067,et8lj3w
6068,et8mgx6
6069,et8ulhf
6070,caehkx
6071,caemrm
6072,caeoz5
6073,et8od3v
6074,etfq16p
6075,etfyy44
6076,etbxy99
6077,etbyh5t
6078,etbxx7b
6079,et8p7vm
6080,et9fp1z
6081,et9cvog
6082,caf1q8
6083,caf3hz
6084,etbb5bb
6085,et9xmc6
6086,et9pni6
6087,et962va
6088,et8rqn0
6089,et8obue
6090,et8jne9
6091,et8bt4o
6092,etcbytk
6093,etcbuvs
6094,etcbtcr
6095,etcbrve
6096,et93ius
6097,et99wq2
6098,et93fg0
6099,et93etk
6100,caf3x9
6101,caf4dq
6102,caf7h2
6103,etapur9
6104,et9mvui
6105,et9i4je
6106,et8o0g6
6107,et8ldy2
6108,et8jkdt
6109,et9q0xg
6110,etegbsr
6111,et93bhu
6112,etbzy4u
6113,et8ula0
6114,etbzty5
6115,et8qelh
6116,etbzl40
6117,etbbujz
6118,etbbssf
6119,et90vua
6120,et8skmm
6121,et902se
6122,et8iv6v
6123,et8j2ye
6124,et8kn7i
6125,et8kj6z
6126,et8hioy
6127,et8jtui
6128,et8f47y
6129,et8ja99
6130,et8cgjm
6131,cafkq0
6132,etbjkki
6133,et8nrqg
6134,et8ma66
6135,cafr4b
6136,cafu6p
6137,cafyj9
6138,et8v4ed
6139,et8ihfw
6140,cag6y3
6141,cag8qd
6142,et8jzzv
6143,cag9p2
6144,etbyfzc
6145,etay6dz
6146,et9a3zq
6147,ethmxej
6148,etkw4fs
6149,et97rrk
6150,etia79e
6151,ethm9tw
6152,et9d1dd
6153,et9nn1z
6154,et9fa7m
6155,etecl9o
6156,eteeqwj
6157,ete8erw
6158,etb2awz
6159,etb59pt
6160,etb36bu
6161,etb3mls
6162,et994km
6163,etau7ca
6164,etau4hx
6165,et97vo1
6166,et8zc9y
6167,et8wc3u
6168,et8updg
6169,et8zfqc
6170,et8vmy0
6171,cag9u4
6172,caggum
6173,etbrxtu
6174,eta5td8
6175,et9q08g
6176,et9hn31
6177,et8xni6
6178,et8t7ld
6179,et8qsac
6180,et8nkvb
6181,et8lbtv
6182,etcoah4
6183,etbr5iq
6184,etbujd3
6185,et91teq
6186,eta65k8
6187,etb1xkb
6188,etarzs3
6189,etasszh
6190,et90ay7
6191,etaa3u8
6192,et98yx5
6193,cagk9h
6194,et9msc6
6195,et99g03
6196,et9osfu
6197,et9owqx
6198,caglbf
6199,cagmoe
6200,et9me19
6201,et959df
6202,et8rn77
6203,et8ms6c
6204,et9fer8
6205,cagn66
6206,cagua0
6207,cagupr
6208,etbp9t4
6209,etaxwoi
6210,et9yxut
6211,etaapjr
6212,etc8npf
6213,et9mw2s
6214,etbshfy
6215,et94d8z
6216,etbseuc
6217,et8vqaw
6218,etbscm7
6219,etaj65t
6220,etbi1du
6221,etbpw65
6222,etbedow
6223,etbcbm2
6224,eta0oh9
6225,etbdg90
6226,et9lw3b
6227,et91h67
6228,etba9cg
6229,etaw6k4
6230,etad8rg
6231,eta6x3q
6232,et8qjb2
6233,etb36tx
6234,et9h40n
6235,etarzt2
6236,et8y1lf
6237,etapzsp
6238,et8prjj
6239,etag2by
6240,et9n7mk
6241,et8yaa2
6242,eta0xfx
6243,et9ytos
6244,et8w1gb
6245,cagw5a
6246,cagyt8
6247,etb4a2s
6248,et8qzhg
6249,eu11x0i
6250,cah52n
6251,cah59o
6252,et9vfkb
6253,et9g6rj
6254,et99eha
6255,et96rtf
6256,et8vly7
6257,etbotog
6258,etboxne
6259,et9g8oh
6260,et9ie35
6261,et9d1af
6262,et9dgfj
6263,cah957
6264,et9vfck
6265,et8v0wr
6266,etbh7d5
6267,etbv3py
6268,etbl0tu
6269,etbinyb
6270,etbnq3t
6271,etbodak
6272,etbngus
6273,etaxxmd
6274,etaw7y1
6275,et8wiu7
6276,et9exus
6277,et8zedj
6278,et9c92b
6279,et9dt34
6280,et9c3n3
6281,et8vukx
6282,et8v3fc
6283,cahaab
6284,et9142b
6285,et91ag0
6286,et91dap
6287,et914ve
6288,cahhaa
6289,etdp089
6290,etae44z
6291,et9x050
6292,et9aq4j
6293,et8zdnx
6294,et8xvqc
6295,et8thud
6296,et8rux4
6297,etalt9s
6298,eta5lpe
6299,et8yn0k
6300,cahugg
6301,cahyn7
6302,et9r3ud
6303,cai6a8
6304,etbb0n5
6305,etb1qbl
6306,et90c4x
6307,et8yryh
6308,et8vxmq
6309,et91g7b
6310,cai7xk
6311,cai932
6312,caid40
6313,etbxs53
6314,cain64
6315,caitqm
6316,caj7a6
6317,eta5gbh
6318,et9eiba
6319,et97huk
6320,et96ehc
6321,et9668y
6322,et93td0
6323,etb3nyi
6324,etzo0md
6325,et96ztc
6326,caj8s3
6327,etb3cmf
6328,et98qut
6329,et93lce
6330,et98xan
6331,etdwwxi
6332,cajjl5
6333,cajuml
6334,cajxzx
6335,et9ncpf
6336,et9gzy9
6337,et9biaq
6338,et9a77d
6339,et96sfx
6340,et94x41
6341,etaxvhv
6342,et9o3fb
6343,etaxhbs
6344,etaagan
6345,etae72u
6346,etaux8w
6347,etaao70
6348,etaaje4
6349,et9hmkx
6350,etaagtr
6351,et9arf7
6352,et999ru
6353,cakil2
6354,cakjqd
6355,caktb8
6356,cal0j5
6357,cal1n3
6358,et9fpnr
6359,calce9
6360,calfl2
6361,etc5pjv
6362,etbmqaj
6363,etbbfrs
6364,etb76je
6365,etb5fvc
6366,etb1lzf
6367,etavf7s
6368,etarxm5
6369,eta9mrw
6370,eta84kz
6371,eta5tfk
6372,eta0pzz
6373,et9x2c7
6374,etb9v9o
6375,etcl2pc
6376,etckzdr
6377,etbbhdm
6378,etcjmkt
6379,etcjzkv
6380,etb6vc2
6381,etbm921
6382,etb8wj2
6383,et9iksw
6384,etbax8s
6385,etaqrs7
6386,et9gpfz
6387,eta5yhh
6388,calh7o
6389,call2o
6390,eta6rb5
6391,et9im1z
6392,et9ic10
6393,et9hchr
6394,et9h2tc
6395,et9g5wm
6396,et9fpk1
6397,et9fmz0
6398,et9fjrg
6399,etc0rl9
6400,ethdx9f
6401,etcbmdj
6402,etfj20h
6403,etbkb8p
6404,etbiqa4
6405,et9k6pv
6406,et9urvm
6407,etbdih7
6408,et9hcb2
6409,calx76
6410,camecs
6411,et9nru2
6412,et9mgph
6413,etivz4z
6414,etjm8ud
6415,etiv6uo
6416,etfh8pd
6417,et9rz5e
6418,etbvap2
6419,cami8i
6420,etevj1z
6421,etbuklz
6422,et9yyo0
6423,et9sp7t
6424,et9ox5w
6425,et9sz6w
6426,etbim58
6427,etbas8o
6428,etbfkbh
6429,et9qubo
6430,et9r9w8
6431,campcb
6432,etbrzou
6433,etbih86
6434,et9q1mg
6435,camqbm
6436,etcu8hr
6437,etbsp6j
6438,etb21hl
6439,etb0nwx
6440,et9shuo
6441,et9nsgs
6442,etby4h6
6443,ete1veq
6444,etb71nz
6445,etbyg4m
6446,etb3f3g
6447,etatzmg
6448,et9psp6
6449,can8s5
6450,cancrr
6451,etb1c6f
6452,etb2j0i
6453,cancvc
6454,etdo2wu
6455,etdcdt2
6456,etc9kag
6457,etbtutj
6458,etbjjdd
6459,etb3ha1
6460,etb12kj
6461,etavnkg
6462,etavep8
6463,etav8id
6464,etargxj
6465,etai5le
6466,etai23b
6467,etaho22
6468,eter0b0
6469,etbyqzz
6470,etbl5ko
6471,etc4a5g
6472,etbqj7h
6473,etb2coj
6474,cangi5
6475,canzoy
6476,caoo9n
6477,cap8zu
6478,etbz7rt
6479,etbp8vx
6480,etbj0c2
6481,etbf7y0
6482,etbda6f
6483,etaq77z
6484,etajfi7
6485,etadzz8
6486,etbsddw
6487,etbiw6u
6488,etbk2om
6489,etasarq
6490,etbevfo
6491,etaqdjd
6492,etaumqt
6493,etajon3
6494,etascb3
6495,etar78u
6496,cap9x1
6497,etccznr
6498,etbndc3
6499,etaxcph
6500,etapp0f
6501,etaob71
6502,etaly4k
6503,etaba29
6504,eu8ecnv
6505,capy7i
6506,etai0iq
6507,etafwbd
6508,etanbtp
6509,car2dg
6510,carvz6
6511,carxm4
6512,etc9wmg
6513,etb2zkt
6514,etav8zo
6515,etanwh3
6516,etes9di
6517,etc1czc
6518,eteizpe
6519,etbyp36
6520,eteichl
6521,etburzi
6522,etc6pxg
6523,etav5fr
6524,etawc71
6525,etav6er
6526,etbgtnu
6527,etbusr6
6528,etbiwjh
6529,etb3wlb
6530,etb43jl
6531,etb4ol7
6532,etax2oz
6533,etaw8gc
6534,etavkml
6535,casmc5
6536,catjgf
6537,catv7p
6538,ete0h5o
6539,etcv32a
6540,etclqqi
6541,etckp0a
6542,etc848n
6543,etc3jdu
6544,etc3fec
6545,etc1tyf
6546,etc05un
6547,etbx8q8
6548,etbwtvb
6549,etis69s
6550,etsn5ql
6551,etfm2qv
6552,etehv8o
6553,ete17v0
6554,eteelfl
6555,eteekw0
6556,etc95ui
6557,etd28zb
6558,etbhr1r
6559,etcgv1n
6560,etbxz3j
6561,etbya1z
6562,etbrptb
6563,etc3d82
6564,etbns3g
6565,etby96r
6566,cau1j5
6567,cau1xp
6568,etbhohf
6569,etb95cz
6570,etb817y
6571,etbnfdi
6572,f3ikhb2
6573,cau1yw
6574,etbrtho
6575,caudye
6576,etcnv8g
6577,etbwvga
6578,etbpdr8
6579,etbtqfv
6580,etcmwrq
6581,etbz0ml
6582,etc0mug
6583,etbx2kv
6584,etbpi27
6585,etbx9ln
6586,etbdrqq
6587,etbx864
6588,etbkmii
6589,etbtuy8
6590,etbpijj
6591,etbqf5w
6592,etbk7mn
6593,etbq4c8
6594,etblum4
6595,etbpvu4
6596,etbbt9u
6597,etbn04j
6598,etbp2im
6599,etbp3qo
6600,etbosd6
6601,etblr87
6602,etblg9j
6603,etbnokf
6604,etbl6ii
6605,etbnizw
6606,etblfor
6607,etblg09
6608,etb9qoy
6609,etbh6rj
6610,caujxb
6611,etbkqyc
6612,etbdo7b
6613,etbc0dm
6614,etb9awx
6615,etb952s
6616,etb8roz
6617,etb8fvm
6618,etb8682
6619,etb71e2
6620,etb6x9f
6621,etb6vdt
6622,etbhfgu
6623,etc0c19
6624,etbbyyb
6625,etbt6rc
6626,etbha2t
6627,etbe0a9
6628,etbruze
6629,etbb8qu
6630,etbc44l
6631,etb9gs9
6632,cauqoc
6633,etdv53v
6634,etb8jhw
6635,cautzy
6636,etbctt3
6637,etb94un
6638,etbcyi3
6639,cauvth
6640,etba748
6641,cauvuq
6642,etba7sn
6643,cauw6g
6644,etba8t4
6645,cauwpq
6646,cav3u0
6647,etbkowe
6648,etbpnz0
6649,cav42d
6650,etdwhfz
6651,etby00p
6652,etbej0l
6653,etbdaqy
6654,etby3rm
6655,etby5nk
6656,etby10s
6657,etby0vm
6658,etby1im
6659,etbksph
6660,cav7mz
6661,cavcg9
6662,cavllr
6663,etcmsaa
6664,etcifza
6665,etcidgy
6666,etca0qw
6667,etbvlq3
6668,etbuadg
6669,etbs905
6670,etbrsd9
6671,etbr6tj
6672,etbqz99
6673,etbpgj2
6674,etolrqg
6675,etc0dv1
6676,etcljlc
6677,etcufpx
6678,etc1rt2
6679,etcp7p4
6680,etca6fw
6681,etci8fm
6682,etbvfx5
6683,etbmpe3
6684,etcaf85
6685,etbnvre
6686,etbx91a
6687,etbug6o
6688,etbnavc
6689,etbnpkl
6690,cavv2y
6691,cavvvt
6692,caw269
6693,caw2jm
6694,etcplf5
6695,etbxfnf
6696,etbo6zw
6697,etbjsph
6698,etbj2hc
6699,etbhpbs
6700,etejbga
6701,etcq3yq
6702,etcphdv
6703,caw78p
6704,caw8dh
6705,caw9qd
6706,etdobs2
6707,etcim0t
6708,etbsr8c
6709,etbslrr
6710,etboolq
6711,etd3w5p
6712,etdo62m
6713,cawbpt
6714,eteb9st
6715,etckwzw
6716,etc2vze
6717,etbxi3w
6718,etbma7j
6719,etibdc7
6720,etcf3w2
6721,etey0gh
6722,etf30m7
6723,eteslg7
6724,etehz2q
6725,etch1ks
6726,etei2zz
6727,etdho39
6728,etbxdcn
6729,etbxiz6
6730,etehj31
6731,etbto29
6732,etdq6b7
6733,etbnur4
6734,etd3sko
6735,etcfdah
6736,etckkgy
6737,etcgt9c
6738,etbv0zo
6739,etc9l2n
6740,etc9d3k
6741,etcdeek
6742,etbny45
6743,etbk8b8
6744,etbp7pq
6745,etbxdsh
6746,cawdky
6747,cawf1f
6748,cawftm
6749,cawhdt
6750,etbx9l0
6751,etbl26c
6752,cawhn9
6753,cawp2o
6754,etei489
6755,etehhlg
6756,etdh753
6757,etdgxgr
6758,etcu9th
6759,etckban
6760,etchxwg
6761,etewzg1
6762,etfif87
6763,etes4tl
6764,etdnq8x
6765,etbyvmj
6766,eterdg2
6767,etefike
6768,eten1ky
6769,etds3x4
6770,etely8x
6771,etdxj27
6772,etdxpek
6773,etcsb1z
6774,etdr4jj
6775,etc83fx
6776,etcuk2m
6777,etccwd0
6778,etcsxok
6779,etcqt3n
6780,etcgzgn
6781,etcdn5z
6782,etck37d
6783,etcgls1
6784,cawss8
6785,etbmpld
6786,cawtbd
6787,etdny3f
6788,cawzs6
6789,cax029
6790,cax2g4
6791,cax6zr
6792,caxb1v
6793,caxmm6
6794,eteingk
6795,etebyb1
6796,etc63td
6797,etbxnxg
6798,etbrea7
6799,etcj7fr
6800,etcqlth
6801,etbypy9
6802,etcjah7
6803,etcj9s5
6804,caxn1f
6805,etdnp0x
6806,etciz4h
6807,etc8sj8
6808,etbz7n0
6809,etbxfk8
6810,etbvvje
6811,caxoej
6812,etfbmvu
6813,etc2xwn
6814,etbvrr2
6815,etfeolu
6816,etfeoxq
6817,etcbodv
6818,caxqbr
6819,cay0q6
6820,etqhsmk
6821,etfuqdn
6822,etck1on
6823,etcah5q
6824,etc4b5u
6825,etbz1c3
6826,etbx1uk
6827,etbx0tg
6828,etbwx36
6829,etbw8m5
6830,etbur1b
6831,etbthfs
6832,etqlk6d
6833,ethqvws
6834,ethqsoj
6835,eteadso
6836,etda0lu
6837,etdx8l3
6838,etbv0d2
6839,etbv17w
6840,etbuw5r
6841,etbuwwb
6842,etbu98b
6843,etbuq63
6844,cay7sd
6845,etbuxik
6846,etbub3d
6847,etbu7jv
6848,etbw909
6849,etki0wg
6850,etbugqy
6851,etbwgyy
6852,etbur0a
6853,etbv2sm
6854,cay8z2
6855,caybya
6856,cayljp
6857,etcnflg
6858,etbxeg9
6859,etbxpf2
6860,etekgsj
6861,etbxrvp
6862,caymu4
6863,cayq9n
6864,cayqo5
6865,eteuxbv
6866,exha1nc
6867,etevcax
6868,etd9ftc
6869,eueynwg
6870,etesk3r
6871,eth3l97
6872,etfmdgn
6873,etfo6ci
6874,etfl27h
6875,etff9h0
6876,etfe31v
6877,etf8j4f
6878,etf9a7o
6879,etfb8y0
6880,etf6v29
6881,etf82x8
6882,ete42uf
6883,eteygtz
6884,eteyi4c
6885,eteu7xg
6886,etcj63i
6887,etewofb
6888,etesqjz
6889,etetxbh
6890,eteuhzg
6891,etetrcd
6892,etetmjd
6893,etesnn2
6894,etetjl6
6895,etes3c6
6896,etdcmk8
6897,etesw3y
6898,caysqo
6899,etbx2kb
6900,etbx0tj
6901,etbx02h
6902,caywgu
6903,etel3f0
6904,etedlx5
6905,etdol38
6906,etchvvp
6907,etcec1y
6908,etc4p2q
6909,etc44r1
6910,etc1wxp
6911,etc1edg
6912,etem708
6913,eterqe0
6914,etel0z2
6915,etekoai
6916,eteil53
6917,eteh1x5
6918,etefcnj
6919,ete7u4k
6920,etcgc93
6921,etea9ke
6922,ete53lr
6923,etcgu8n
6924,etd2ung
6925,etc47rz
6926,etcfyqq
6927,etc49ij
6928,etbywao
6929,caz5i7
6930,etbyq9f
6931,caz6zj
6932,caz87v
6933,etc1b20
6934,etcllao
6935,etc1x49
6936,caz9sp
6937,etco344
6938,etcl9mp
6939,etc2sot
6940,etc1c9c
6941,etejaj0
6942,etex87u
6943,etdd7ij
6944,etebint
6945,etcas86
6946,etcm62d
6947,etcql92
6948,cazibj
6949,etc3i6s
6950,etc888f
6951,etce1eq
6952,cazo7s
6953,cb07v4
6954,etdsl52
6955,etc4xbn
6956,cb0afg
6957,etemuyn
6958,etd005o
6959,etcurfc
6960,etcgume
6961,etc5i8n
6962,etcagl6
6963,etefntn
6964,etd1qx8
6965,etcb5z3
6966,etc8tyy
6967,cb0d6b
6968,cb0hd4
6969,cb0lq2
6970,cb0qm8
6971,cb0yr2
6972,eteomid
6973,eteq4c9
6974,etgx39q
6975,etf12dq
6976,cb186b
6977,etd6l5x
6978,etctv2l
6979,etcnjf4
6980,etchetb
6981,ete0laj
6982,etf2kiz
6983,etdairz
6984,etdvh1y
6985,cb18u8
6986,cb1acw
6987,cb1ox7
6988,etcfcdq
6989,cb1p13
6990,etgad4z
6991,etcfj85
6992,cb1wab
6993,etcw3p4
6994,etcvfa2
6995,etcjpl9
6996,etcgj6g
6997,etcpq1b
6998,etf0t2f
6999,etduct7
7000,etciois
7001,cb210a
7002,etfhr8i
7003,etemog9
7004,etdzr12
7005,etdzjkq
7006,etdkh74
7007,etdf8hg
7008,etcum8j
7009,etckfh0
7010,etfssl5
7011,etfw3v3
7012,etermud
7013,eteunre
7014,eter472
7015,ete8lxz
7016,eteghg3
7017,cb2lzg
7018,cb2m4a
7019,cb2xjb
7020,etepqhx
7021,ete594v
7022,etd2s7y
7023,etfa4iw
7024,etfet0r
7025,eterrkr
7026,etel1uk
7027,cb35gt
7028,etcpbh4
7029,cb379h
7030,cb3r47
7031,eteq6nn
7032,etef8xx
7033,etef81b
7034,etebmbm
7035,ete7xys
7036,etdyanc
7037,etdui6u
7038,etff5o0
7039,etff8og
7040,eteln5r
7041,etekz4m
7042,ete8u72
7043,etdxtze
7044,etekj9w
7045,etcybk1
7046,eteg3vt
7047,etdzu2d
7048,eteb5co
7049,etecvdz
7050,ete8a6n
7051,ete9du4
7052,ete8hjw
7053,ete54wr
7054,ete4p02
7055,etdwloz
7056,etdy03l
7057,etdtlnb
7058,etcyezk
