id,karma,author
0,0,whateverhk
1,1,thepkboy
2,177,pm_me_your_UFO_story
3,1,22hand
4,1,littleswaHK
5,1,H1ghrider
6,1,pigsonthewingz
7,1,pm_me_your_UFO_story
8,1,pm_me_your_UFO_story
9,1,jwaves11
10,1,littleswaHK
11,1,H1ghrider
12,1,yghysn
13,6,dr-howser
14,1,dr-howser
15,1,anahan
16,0,whateverhk
17,1,thepkboy
18,1,lifteroomang
19,1,toooutofplace
20,1,adz4309
21,1,adz4309
22,1,toooutofplace
23,1,whateverhk
24,1,adz4309
25,1,HKGong
26,1,adz4309
27,1,whateverhk
28,1,whateverhk
29,1,whateverhk
30,1,lifteroomang
31,1,adz4309
32,1,whateverhk
33,1,thepkboy
34,1,thepkboy
35,1,whateverhk
36,1,thepkboy
37,1,whateverhk
38,15,omnijim
39,0,ryantantooter
40,1,HamsterNtrianglenose
41,1,cnholra
42,1,HKGong
43,1,ZeroFPS_hk
44,1,Koverp
45,1,TheBigRee
46,0,Witson1991
47,1,Witson1991
48,21,tiga008
49,1,dcastromma
50,12,Stormcloak_Soldier47
51,33,ImperialistDog
52,1,[deleted]
53,1,[deleted]
54,1,cheezburgapocalypse
55,1,2GEEKED
56,1,2GEEKED
57,1,Xelium23
58,1,Xelium23
59,342,Someone_5641
60,1,NeonVternal
61,-1
62,1,beijixiong_
63,1,joker_wcy
64,1,Clubjustin
65,-1
66,1,Clubjustin
67,-1
68,1,Clubjustin
69,1,Neat_Onion
70,1,Nudetypist
71,1,AquaeyesTardis
72,1,lifteroomang
73,1,asdasd1012
74,1,O7GS
75,1,BetterFred
76,1,lifteroomang
77,1,CAF00187
78,1,O7GS
79,1,RhombusCat
80,1,Xelium23
81,1,yolo24seven
82,1,Neat_Onion
83,1,Xelium23
84,-1
85,-1
86,1,jonnyhk77
87,1,O7GS
88,-1
89,1,acid-rain-maker
90,-1
91,1,pactum
92,-1
93,0,pointofgravity
94,1,bwaic
95,1,banniemd2b
96,1,sonastyinc
97,1,bithcballs
98,1,bwaic
99,1,pointofgravity
100,1,Techqjo
101,1,acero1988
102,1,YellowCareBear
103,1,pointofgravity
104,1,bwaic
105,1,bwaic
106,1,pointofgravity
107,1,bwaic
108,1,pointofgravity
109,1,sonastyinc
110,1,deviant_core
111,1,imustbethece
112,1,imustbethece
113,1,JovanisReddit
114,1,FefaTheCat
115,38,chungish
116,0,12espect
117,1,thepkboy
118,55,CampoX69
119,1,splitcroof92
120,1,teslarat
121,1,j4m0__
122,1,HKGong
123,1,splitcroof92
124,1,splitcroof92
125,1,Wolffychanfromwiki
126,1,Wolffychanfromwiki
127,1,splitcroof92
128,1,firewood010
129,1,Wolffychanfromwiki
130,1,imustbethece
131,5,BeyrouthLego
132,1,varozhk
133,1,BeyrouthLego
134,315,gunbuster363
135,1,wsthepurposeoflife
136,1,Cissnowflake
137,1,boostman
138,1,CH1R4L1TY
139,1,simian_ninja
140,1,morgz15
141,1,shivabreakstheworld
142,1,frinset
143,1,meowmeow2025
144,1,thepkboy
145,1,Bananageddon
146,1,gwailo
147,1,Killybug
148,1,sheilahulud
149,1,gunbuster363
150,1,BrawlProdigy
151,1,diablofreak
152,1,imguralbumbot
153,-1
154,1,fat_stig
155,1,diablofreak
156,-1
157,1,le_spectator
158,1,gunbuster363
159,1,thepkboy
160,1,wickedcricket666
161,-1
162,1,NeonVternal
163,2,AnnaBlair2018
164,1,dr-howser
165,1,HKGong
166,1,xipher1
167,1,euphraties247
168,1,odaiwai
169,6,Hong-Kwong
170,1,WeeklyIntroduction42
171,1,weddle_seal
172,1,pigsonthewingz
173,1,fat_stig
174,1,gfaraway
175,1,Jebusforce
176,1,Roygeebeef
177,1,HKGong
178,1,Roygeebeef
179,1,gowithflow192
180,1,Logischel
181,1,Logischel
182,1,gowithflow192
183,1,HKGong
184,1,thepkboy
185,1,crochettankenfaus
186,1,elpishydra
187,1,Hong-Kwong
188,1,thepkboy
189,-1
190,1,thepkboy
191,1,Hong-Kwong
192,-1
193,1,yc_hk
194,-1
195,1,TRoastedPotato
196,1,Hong-Kwong
197,1,richteralan
198,1,_photographerl
199,1,[deleted]
200,0,eZ1Shot
201,1,sonastyinc
202,1,Exfinite
203,1,eZ1Shot
204,1,Exfinite
205,9,sampunk
206,1,BigDrew923
207,1,3mmagic
208,1,zincyeung
209,1,lifteroomang
210,1,3mmagic
211,1,thepkboy
212,1,3mmagic
213,0,Radon88
214,1,joker_wcy
215,1,sopranojanice
216,1,banniemd2b
217,1,iwashimelon
218,1,HKGong
219,1,osbstr
220,1,anne-so
221,1,anne-so
222,1,osbstr
223,1,Radon88
224,1,HKGong
225,0,mrk91
226,1,joker_wcy
227,1,cbgsryuto
228,1,raga220
229,1,HKtechTony
230,0,waablinwaablin
231,1,thepkboy
232,1,TangerineNightmares
233,1,Techqjo
234,14,tinhtientu
235,1,PooLessSherlock
236,1,pigsonthewingz
237,1,CoinIsMyDrug
238,1,PooLessSherlock
239,1,WikiTextBot
240,1,pactum
241,1,scaur
242,1,contortedshakes
243,0,IsStressZ
244,1,HKtechTony
245,1,HKGong
246,1,pactum
247,1,natur3ify
248,2,kaifi123
249,1,thepkboy
250,1,joker_wcy
251,101,HystericaGreen
252,1,kingkobeda
253,1,[deleted]
254,1,chairmanwumao
255,1,banniemd2b
256,1,PooLessSherlock
257,1,HystericaGreen
258,1,banniemd2b
259,1,pointofgravity
260,1,ABlehABleh
261,1,banniemd2b
262,1,ABlehABleh
263,1,banniemd2b
264,1,TMC2018
265,1,banniemd2b
266,1,HystericaGreen
267,1,pactum
268,1,HKGong
269,1,KnowingRecipient
270,1,sdavids6
271,1,lifteroomang
272,1,Koverp
273,1,ctrl-all-alts
274,1,banniemd2b
275,1,missscottfraser
276,-1
277,1,HystericaGreen
278,133,mod83
279,1,[deleted]
280,1,[deleted]
281,1,Xelium23
282,1,BoobsDream
283,1,meeraganesan
284,1,pointofgravity
285,1,5dorralovelongtime
286,1,moritashun
287,1,toooutofplace
288,1,adz4309
289,1,adz4309
290,1,toooutofplace
291,1,adz4309
292,1,toooutofplace
293,1,adz4309
294,1,toooutofplace
295,1,adz4309
296,1,toooutofplace
297,-1
298,1,Neat_Onion
299,1,moritashun
300,1,Neat_Onion
301,-1
302,1,Neat_Onion
303,1,borotunsa
304,1,pointofgravity
305,-1
306,1,moritashun
307,0,5_Frog_Margin
308,1,chairmanwumao
309,1,missscottfraser
310,0,Askim12
311,1,thepkboy
312,1,thepkboy
313,1,HKGong
314,1,pactum
315,1,banniemd2b
316,5,FireBroken
317,1,teabagsOnFire
318,1,[deleted]
319,1,Valyris
320,1,dividerall
321,1,Neat_Onion
322,1,[deleted]
323,1,Dishbringer
324,1,thepkboy
325,1,HKGong
326,1,chairmanwumao
327,1,redpanda0108
328,1,krazymunky
329,1,banniemd2b
330,1,ZeroFPS_hk
331,1,teabagsOnFire
332,1,TheEsportyGuy
333,1,Neat_Onion
334,1,YellowCareBear
335,1,redpanda0108
336,1,[deleted]
337,1,like_smoke
338,220,sampunk
339,1,thumper99
340,1,catsondbs
341,-1
342,1,accidentalchainsaw
343,1,Yiksta
344,1,iamGR000000T
345,1,firewood010
346,1,Yiksta
347,-1
348,1,ctrl-all-alts
349,1,iamGR000000T
350,1,toooutofplace
351,1,adz4309
352,-1
353,1,adz4309
354,-1
355,1,sjfcinematography
356,1,toooutofplace
357,-1
358,1,firewood010
359,1,adz4309
360,1,toooutofplace
361,1,adz4309
362,1,adz4309
363,1,toooutofplace
364,1,adz4309
365,-1
366,1,dblababy
367,-1
368,1,adz4309
369,-1
370,1,uiharu-s
371,-1
372,1,adz4309
373,-1
374,0,pointofgravity
375,1,loadofthewing
376,1,thepkboy
377,1,pointofgravity
378,1,pointofgravity
379,1,patricklim92
380,0,ConstantThinking
381,1,TangerineNightmares
382,1,banniemd2b
383,1,chairmanwumao
384,1,[deleted]
385,6,tarz99
386,1,zakazaw
387,1,KroehberHall
388,1,redditor1221221
389,1,dhdhk
390,1,bwaic
391,1,tarz99
392,1,tarz99
393,1,zakazaw
394,1,lifteroomang
395,1,lgg5problem
396,1,zakazaw
397,-1
398,-1
399,1,SMG218
400,1,SMG218
401,-1
402,1,630am_now
403,1,tarz99
404,1,YellowCareBear
405,1,tarz99
406,1,lifteroomang
407,1,tarz99
408,1,tarz99
409,1,loadofthewing
410,1,tarz99
411,-1
412,-1
413,1,tarz99
414,-1
415,1,lifteroomang
416,-1
417,-1
418,1,tarz99
419,0,heize_bon
420,1,sonastyinc
421,1,euphraties247
422,1,HKGong
423,1,tamias401
424,1,TangerineNightmares
425,1,zincyeung
426,1,joker_wcy
427,1,Postcode2096
428,7,lurker_from_hongkong
429,1,accidentalchainsaw
430,1,gowithflow192
431,1,HKGong
432,1,sampunk
433,1,thepkboy
434,1,jesselikesboys
435,3,toaster_hitman
436,1,bwaic
437,1,jinglesbox
438,1,sammyfield
439,1,sampunk
440,9,toaster_hitman
441,1,ireallyhatejunk
442,1,banniemd2b
443,1,thoobik
444,1,Wolffychanfromwiki
445,1,hanamichelle6767
446,1,ledbetterhannah67950
447,6,HKnational
448,1,PooLessSherlock
449,5,HKnational
450,11,BoomSuperBigBang
451,1,cliff_of_dover_white
452,1,BoomSuperBigBang
453,0,LazySleepyCat
454,1,dentmsia
455,6,toaster_hitman
456,1,chautaisin
457,1,naughty_auditor
458,1,thepkboy
459,1,bwaic
460,1,mod83
461,1,jinglesbox
462,1,CoolDudeMann
463,1,CoolDudeMann
464,1,heinrikbonnevil
465,0,ImperialistDog
466,1,Ze_Banded
467,1,cheaplad
468,225,ImperialistDog
469,1,Taibo
470,1,dr-howser
471,1,OWTsoi
472,1,TuckerMcInnes
473,1,bwaic
474,1,pigsonthewingz
475,1,ImperialistDog
476,1,gowithflow192
477,1,PMylon
478,1,yghysn
479,1,croffiep
480,1,jinglesbox
481,139,ImperialistDog
482,1,AngryBaldTerrorist
483,1,TuckerMcInnes
484,1,redditor1221221
485,1,Ironfingers
486,1,RWK
487,1,boostman
488,1,HellzAngelz
489,1,Nam3less79
490,1,AristideSaccard
491,1,Nam3less79
492,1,Clubjustin
493,1,Clubjustin
494,1,BeefyIrishman
495,1,Clubjustin
496,1,Nam3less79
497,1,essex_ludlow
498,1,AsianInHK
499,1,RobotCaesar
500,1,AsianInHK
501,-1
502,1,OldSFGuy
503,-1
504,1,OldSFGuy
505,1,Asiageek
506,1,jackychc
507,-1
508,1,Nam3less79
509,1,jackychc
510,-1
511,-1
512,0,HKnational
513,33,Phos_
514,1,purplepinkwhiteblue
515,1,summon_lurker
516,1,jackychc
517,1,IosueYu
518,1,john_ftq
519,1,Phos_
520,1,CAF00187
521,1,sampunk
522,1,Phos_
523,1,TrouserTailor
524,1,BeyrouthLego
525,13,EDoric
526,1,Consistent_Size
527,1,andr3a
528,1,spikebtsa
529,1,rubenxsingh
530,1,EchoDogma
531,0,Miego_Khan
532,1,imustbethece
533,29,ThoughtPatrolz
534,1,weddle_seal
535,1,Logischel
536,1,O7GS
537,1,ThoughtPatrolz
538,1,ThoughtPatrolz
539,1,dentmsia
540,0,ObsidianPoint
541,1,inhodel
542,1,HKGong
543,1,AsianInHK
544,1,sampunk
545,1,SMG218
546,1,chairmanwumao
547,1,thumper99
548,268,spikebtsa
549,1,[deleted]
550,1,forestgirl0
551,1,cellularcone
552,1,nissin67
553,1,suuuii
554,1,dividerall
555,1,spikebtsa
556,1,gowithflow192
557,1,spikebtsa
558,1,spikebtsa
559,1,gowithflow192
560,1,spikebtsa
561,1,spikebtsa
562,1,dabi17
563,1,chairmanwumao
564,1,IosueYu
565,1,sampunk
566,1,MNREDR
567,1,spikebtsa
568,1,spikebtsa
569,0,5grapplingisKool
570,1,ivorhoulker
571,1,banniemd2b
572,1,abyss725
573,1,loadofthewing
574,1,fat_stig
575,1,guccification
576,0,Creepy_Roll
577,1,Tenshia
578,1,th3thund3rk1d
579,1,DKorrosiv
580,1,Onelimwen
581,1,AndrewM-H
582,0,Dictator_XiJinPing
583,1,dont_waste_time
584,1,Dictator_XiJinPing
585,2,sweetpotfries
586,1,Wolffychanfromwiki
587,1,sonastyinc
588,1,thepkboy
589,1,sweetpotfries
590,3,JohnKimble111
591,1,TuckerMcInnes
592,1,sonastyinc
593,1,thepkboy
594,5,ImperialistDog
595,1,joker_wcy
596,1,WeeklyIntroduction42
597,1,IosueYu
598,1,injured-soul-help-me
599,5,EDoric
600,1,yozoraf
601,1,TangerineNightmares
602,1,sampunk
603,14,hmak8200
604,1,iamgarron
605,1,unfuckin_believable
606,1,banniemd2b
607,1,Neat_Onion
608,1,getupandgo
609,1,Tenshia
610,1,sonastyinc
611,1,dillame
612,1,gowithflow192
613,1,meractus
614,1,getupandgo
615,1,iamgarron
616,1,meractus
617,1,meractus
618,1,iamgarron
619,1,meractus
620,1,lifteroomang
621,110,thats_not_rite223
622,1,laxattacker
623,1,sonastyinc
624,1,SuperSeagull01
625,1,sonastyinc
626,1,thats_not_rite223
627,1,thats_not_rite223
628,1,ecajnafg
629,33,Charlie_Yu
630,1,sammyfield
631,1,_CodyB
632,1,bwaic
633,1,joker_wcy
634,1,HKnational
635,1,loadofthewing
636,1,HKnational
637,1,Rohit_Kingra
638,10,HKnational
639,1,ethenlau88
640,1,PooLessSherlock
641,1,loadofthewing
642,1,somane-95
643,1,thepkboy
644,1,Whats_On_Tap
645,1,dogchow01
646,1,TCK1979
647,117,Cal-Goat
648,1,inhodel
649,1,[deleted]
650,1,iamgarron
651,1,Angryangmo
652,1,Cal-Goat
653,1,jesselikesboys
654,1,Bananageddon
655,1,koikoikoi375
656,-1
657,1,kmd84
658,1,jesselikesboys
659,-1
660,1,Angryangmo
661,1,Cal-Goat
662,1,chairmanwumao
663,1,Cal-Goat
664,-1
665,1,oz_sabres
666,1,ExtensionDrummer
667,1,time-heist-whales
668,1,time-heist-whales
669,1,Cal-Goat
670,1,time-heist-whales
671,1,AaronRedwoods
672,1,time-heist-whales
673,1,time-heist-whales
674,1,SushiGato
675,-1
676,1,koikoikoi375
677,-1
678,-1
679,-1
680,1,KoyaBot
681,1,SubjectObjective
682,1,aiiiyahhh
683,1,hkzombie
684,1,HKGong
685,1,Geffbluestar
686,1,KoyaBot
687,1,xyri
688,1,naughty_auditor
689,1,SailorPuffles
690,1,SailorPuffles
691,1,thepkboy
692,1,naughty_auditor
693,1,SailorPuffles
694,1,KoyaBot
695,1,KoyaBot
696,1,Iseeyoujimmy
697,0,Hamth3Gr3at
698,1,chairmanwumao
699,1,Amazonked
700,1,bwaic
701,1,iamgarron
702,1,BoobsDream
703,1,spacecatbiscuits
704,1,dr-howser
705,1,Whats_On_Tap
706,1,johnniegreen
707,1,johnniegreen
708,1,Phos_
709,1,iamgarron
710,1,iamgarron
711,1,johnniegreen
712,1,johnniegreen
713,1,Phos_
714,1,Phos_
715,1,iamgarron
716,1,Amazonked
717,1,missscottfraser
718,59,HKnational
719,1,Charlie_Yu
720,1,hoopercuber
721,1,yc_hk
722,1,underscoreftw
723,1,grevenlau
724,1,NotEvenAMinuteMan
725,1,loadofthewing
726,1,loadofthewing
727,1,yc_hk
728,1,yc_hk
729,1,loadofthewing
730,1,AristideSaccard
731,1,fanblingbling
732,0,pancake_ass
733,1,Lokenzz
734,1,missscottfraser
735,1,banniemd2b
736,1,HappyChestnutKing
737,1,HKGong
738,0,mygjjg
739,1,LAM_O_
740,5,HKnational
741,1,oddiedoddie
742,1,time-heist-whales
743,1,bwaic
744,1,Guader
745,1,thepkboy
746,0,masturbake
747,1,banniemd2b
748,1,tjeco
749,1,imustbethece
750,369,derryainsworth
751,1,gobsthemesong
752,1,ylimeeoh
753,1,lekff
754,1,anonymous_redditor91
755,1,Tenshia
756,1,missscottfraser
757,1,Phos_
758,1,spiceweezel_BAM
759,1,pigsonthewingz
760,1,Cal-Goat
761,1,cellularcone
762,1,_mousy
763,1,carpiediem
764,0,time-heist-whales
765,1,sammyfield
766,1,HK_Throwaway
767,1,hgc9421
768,1,koikoikoi375
769,-1
770,1,zelda2wasEasy
771,1,xtirpation
772,1,WeeklyIntroduction42
773,1,aussiepus
774,1,xtirpation
775,1,lifteroomang
776,1,sammyfield
777,1,sammyfield
778,1,xtirpation
779,1,YellowCareBear
780,-1
781,1,time-heist-whales
782,1,sakelover
783,1,YellowCareBear
784,1,time-heist-whales
785,1,time-heist-whales
786,1,lifteroomang
787,1,time-heist-whales
788,1,time-heist-whales
789,1,time-heist-whales
790,-1
791,1,lifteroomang
792,1,time-heist-whales
793,-1
794,17,Adam8888
795,1,random_LA_azn_dude
796,1,DigitalMystik
797,1,BigDrew923
798,1,Phos_
799,1,kavanaughstraw
800,1,weddle_seal
801,1,missscottfraser
802,1,handle12345
803,1,Dictator_XiJinPing
804,1,ctrl-all-alts
805,1,Dictator_XiJinPing
806,3,milktwea
807,1,CAF00187
808,1,mangoman1989
809,1,MYHKH
810,1,pointofgravity
811,1,mangoman1989
812,1,HKbanking2019
813,0,mayonnaisefries
814,1,mayonnaisefries
815,1,Charlie_Yu
816,1,banniemd2b
817,1,WOTNev
818,1,HKGong
819,1,thepkboy
820,1,cliff_of_dover_white
821,1,mayonnaisefries
822,1,cliff_of_dover_white
823,1,mayonnaisefries
824,1,mayonnaisefries
825,1,mayonnaisefries
826,1,mayonnaisefries
827,1,cliff_of_dover_white
828,1,mayonnaisefries
829,1,thepkboy
830,1,mayonnaisefries
831,3,HKnational
832,1,bwaic
833,1,loadofthewing
834,1,outdatedopinion
835,7,HKnational
836,1,bwaic
837,1,bwaic
838,1,flying-avocado-toast
839,1,Charlie_Yu
840,1,bwaic
841,1,bwaic
842,1,Charlie_Yu
843,78,throwmeawayb4ido
844,1,averageromcom
845,1,Haruto-Kaito
846,1,BrawlProdigy
847,1,choselerator1
848,1,richteralan
849,1,pointofgravity
850,1,DarthSunshine
851,1,sammyfield
852,1,hungzai
853,1,googoo0202
854,1,ctrl-all-alts
855,1,Bl00dRedSandMan
856,1,Supportang
857,1,YLCNUAA
858,1,[deleted]
859,1,bwaic
860,1,le_spectator
861,1,drewastaken
862,1,PooLessSherlock
863,1,throwmeawayb4ido
864,1,throwmeawayb4ido
865,1,lifteroomang
866,1,lifteroomang
867,-1
868,1,JonathanJK
869,-1
870,-1
871,1,Demuremiss
872,6,HKnational
873,1,ethenlau88
874,0,carole12345678910
875,1,cartzca
876,1,thepkboy
877,0,NeyesGeye
878,1,WeeklyIntroduction42
879,1,euphraties247
880,1,sonoskietto
881,1,yc_hk
882,1,chungonion
883,1,cito-cy
884,1,NeyesGeye
885,1,Blo-_-
886,1,gowithflow192
887,1,mod83
888,0,GrandSloth
889,1,sinespe2000
890,1,meractus
891,1,GrandSloth
892,1,a9pl
893,134,Machopsdontcry
894,1,frinset
895,1,jimbolic
896,1,m6llow
897,1,TuckerMcInnes
898,1,spottyottydopalicius
899,1,TryOurMozzSticks
900,1,dabeli0
901,1,gobsthemesong
902,12,bign00dle
903,1,RhombusCat
904,1,euphraties247
905,1,iluvubi
906,0,laubanniang
907,1,laubanniang
908,1,laubanniang
909,1,HellzAngelz
910,1,meractus
911,1,iamgarron
912,1,PedanticGuy
913,1,laubanniang
914,1,thepkboy
915,1,[deleted]
916,1,sunflower95951
917,1,[deleted]
918,15,duckduckseduce
919,1,baspeysp
920,1,6eb0p
921,1,sampunk
922,1,stephenkung1811
923,1,abc123tong
924,1,BrawlProdigy
925,1,radishlaw
926,1,weddle_seal
927,1,loadofthewing
928,1,iamgarron
929,6,55vv55
930,2,mod83
931,1,yc_hk
932,1,pisicas_001
933,1,pisicas_001
934,0,amg_bobbylee
935,5,fetushair
936,1,simian_ninja
937,1,Valyris
938,1,appleberry_berry
939,1,random_LA_azn_dude
940,-1
941,1,yertass
942,1,TuckerMcInnes
943,1,tjeco
944,1,johnniegreen
945,1,simian_ninja
946,1,HellzAngelz
947,1,lifteroomang
948,1,fetushair
949,1,pelicane136
950,1,pelicane136
951,1,fetushair
952,1,pelicane136
953,1,fetushair
954,1,appleberry_berry
955,1,johnniegreen
956,-1
957,1,appleberry_berry
958,1,pelicane136
959,1,fetushair
960,1,carpiediem
961,1,yngblds
962,-1
963,-1
964,1,Poison_Penis
965,1,imustbethece
966,4,HKnational
967,1,NotEvenAMinuteMan
968,1,yc_hk
969,159,derryainsworth
970,1,[deleted]
971,1,[deleted]
972,1,kittychong
973,1,articulatesnail
974,1,lukeyftw
975,1,Woooferine
976,1,missscottfraser
977,1,valdici
978,1,jimbolic
979,1,not-a-post-hehe
980,1,derryainsworth
981,1,OneHunterPercent
982,1,derryainsworth
983,1,derryainsworth
984,1,derryainsworth
985,1,derryainsworth
986,13,mod83
987,1,adz4309
988,1,TheBeardofGilgamesh
989,1,Meikok
990,1,mod83
991,1,uncovery
992,1,Bananageddon
993,1,simian_ninja
994,1,adz4309
995,1,adz4309
996,1,simian_ninja
997,1,adz4309
998,1,simian_ninja
999,1,adz4309
1000,1,simian_ninja
1001,1,YellowCareBear
1002,1,jolt_cola
1003,1,lartduroquefort
1004,1,mod83
1005,0,LowerConversation2
1006,13,Haruto-Kaito
1007,1,IosueYu
1008,1,explosivekyushu
1009,1,WeeklyIntroduction42
1010,1,toooutofplace
1011,1,cliff_of_dover_white
1012,1,explosivekyushu
1013,1,cliff_of_dover_white
1014,1,IosueYu
1015,1,TangerineNightmares
1016,1,sammyfield
1017,1,sammyfield
1018,1,IosueYu
1019,1,sammyfield
1020,1,cliff_of_dover_white
1021,1,Ticon_HK
1022,1,sammyfield
1023,1,cliff_of_dover_white
1024,1,sammyfield
1025,1,IosueYu
1026,1,AdjustAndAdapt
1027,1,aburinigiri
1028,364,tarrs92
1029,1,skye1121
1030,1,arken21
1031,1,gweilo2018
1032,1,gesuskrist69
1033,1,sampunk
1034,1,schnellsloth
1035,1,schnellsloth
1036,1,JonathanJK
1037,1,sampunk
1038,1,CAF00187
1039,1,HKtechTony
1040,1,schnellsloth
1041,1,sampunk
1042,1,sampunk
1043,1,MickeyLau
1044,1,CAF00187
1045,1,HKtechTony
1046,1,CAF00187
1047,1,schnellsloth
1048,1,AdriTheDreamer
1049,1,MickeyLau
1050,1,lifteroomang
1051,1,MickeyLau
1052,-1
1053,-1
1054,1,schnellsloth
1055,1,HKGong
1056,0,vnesar
1057,1,[deleted]
1058,1,cliff_of_dover_white
1059,1,inhodel
1060,1,adiegio
1061,1,CAF00187
1062,1,edgarleung13
1063,1,naughty_auditor
1064,0,HKnational
1065,4,prolemango
1066,1,Kowloon72
1067,1,prolemango
1068,1,thepkboy
1069,6,ykr3Bz
1070,1,gowithflow192
1071,1,Neat_Onion
1072,1,mangoman1989
1073,1,ZeroFPS_hk
1074,1,O7GS
1075,1,HellzAngelz
1076,1,TuckerMcInnes
1077,1,warriorer
1078,1,TuckerMcInnes
1079,1,Neat_Onion
1080,1,jesselikesboys
1081,1,TuckerMcInnes
1082,-1
1083,1,Neat_Onion
1084,1,chairmanwumao
1085,1,jesselikesboys
1086,1,TuckerMcInnes
1087,1,warriorer
1088,1,ZeroFPS_hk
1089,1,[deleted]
1090,1,warriorer
1091,-1
1092,1,ykr3Bz
1093,1,Poison_Penis
1094,-1
1095,1,Poison_Penis
1096,-1
1097,1,TuckerMcInnes
1098,-1
1099,-1
1100,1,lifteroomang
1101,-1
1102,3,Chiuy
1103,1,lifeguardwoman666
1104,1,isaacng1997
1105,1,thepkboy
1106,1,Tenshia
1107,1,Phos_
1108,1,Liongrass
1109,1,[deleted]
1110,1,HKGong
1111,1,Jakomako
1112,1,Chiuy
1113,1,HKGong
1114,1,TuckerMcInnes
1115,1,coolshanth
1116,1,mamakomamomo
1117,1,jesselikesboys
1118,37,_photographerl
1119,1,Yiksta
1120,1,muckturtle
1121,1,Leif1013
1122,1,Yiksta
1123,1,ShadyAce
1124,1,cactus33
1125,1,Leif1013
1126,1,YellowCareBear
1127,1,YellowCareBear
1128,1,acadialost
1129,1,YellowCareBear
1130,1,YellowCareBear
1131,1,_photographerl
1132,1,cactus33
1133,1,loadofthewing
1134,1,YellowCareBear
1135,1,YellowCareBear
1136,1,_photographerl
1137,1,loadofthewing
1138,1,captainbubby
1139,1,YellowCareBear
1140,1,YellowCareBear
1141,1,YellowCareBear
1142,1,_photographerl
1143,-1
1144,1,captainbubby
1145,1,Myenglishsocks
1146,1,HKnational
1147,11,HKnational
1148,1,bwaic
1149,1,Yiksta
1150,1,6eb0p
1151,0,tradone
1152,1,tradone
1153,1,adz4309
1154,1,sammyfield
1155,1,toooutofplace
1156,1,yozoraf
1157,1,YellowCareBear
1158,1,tomyang1117
1159,1,explosivekyushu
1160,1,malak_oz
1161,1,HKGong
1162,1,Valyris
1163,1,malak_oz
1164,1,footloosedev1
1165,1,jingyan4
1166,1,jingyan4
1167,3,jingyan4
1168,1,6eb0p
1169,1,5dorralovelongtime
1170,1,_mousy
1171,1,chairmanwumao
1172,1,[deleted]
1173,1,banniemd2b
1174,1,muckturtle
1175,1,malak_oz
1176,1,yolo24seven
1177,1,[deleted]
1178,1,HKGong
1179,1,5dorralovelongtime
1180,1,yolo24seven
1181,1,yolo24seven
1182,1,5dorralovelongtime
1183,1,5dorralovelongtime
1184,1,HKGong
1185,1,5dorralovelongtime
1186,1,thepkboy
1187,1,smolbig
1188,1,malak_oz
1189,1,trangtran0605
1190,1,pisicas_001
1191,1,pisicas_001
1192,1,appleberry_berry
1193,0,Msk_SHN0
1194,1,thepkboy
1195,13,loadofthewing
1196,1,sonastyinc
1197,1,Charlie_Yu
1198,1,malak_oz
1199,1,ceowin
1200,1,sampunk
1201,1,loadofthewing
1202,1,Kowloon72
1203,1,YellowCareBear
1204,1,KiraShadow
1205,1,YellowCareBear
1206,1,YellowCareBear
1207,1,KiraShadow
1208,1,isaacng1997
1209,1,Phos_
1210,1,reditanian
1211,1,isaacng1997
1212,1,chairmanwumao
1213,1,derryainsworth
1214,416,derryainsworth
1215,1,tokiome
1216,1,hypersaline
1217,1,pigsonthewingz
1218,1,ImHalfAsianAMA
1219,1,non_ducor_duco
1220,1,bolwarra
1221,1,AxelllD
1222,1,hassium0108
1223,1,chloexcholee
1224,1,TEK_Gaming
1225,1,UltimateArts13
1226,1,O7GS
1227,1,fotostills
1228,1,fotostills
1229,1,fotostills
1230,1,O7GS
1231,1,derryainsworth
1232,1,pigsonthewingz
1233,1,zwim
1234,1,pigsonthewingz
1235,1,poohbear_willy
1236,1,timarmcd
1237,1,miaomiaoexpress
1238,1,MadDoge18
1239,1,thepkboy
1240,0,EDoric
1241,65,GrooveCity
1242,1,not-a-post-hehe
1243,1,iluvubi
1244,1,fahn0079
1245,1,pelicane136
1246,1,GrooveCity
1247,1,GrooveCity
1248,1,yghysn
1249,0,yc_hk
1250,1,isaacng1997
1251,1,thepkboy
1252,1,yozoraf
1253,1,baspeysp
1254,1,jolt_cola
1255,1,hammiesam
1256,1,HKGong
1257,2,HKnational
1258,0,kernelofconfusion
1259,1,Pan_frame
1260,1,gunbuster363
1261,1,johnniegreen
1262,1,HKGong
1263,1,adz4309
1264,1,abyss725
1265,1,kernelofconfusion
1266,1,kernelofconfusion
1267,0,Lev-The-Wise
1268,1,Haruto-Kaito
1269,1,adz4309
1270,1,HKGong
1271,1,HKtechTony
1272,1,thepkboy
1273,1,banniemd2b
1274,0,Fresh_Elderberry
1275,82,jaysmt
1276,1,rentonwong
1277,1,Blood_Lacrima
1278,1,banniemd2b
1279,1,8thDegreeSavage
1280,1,PooLessSherlock
1281,1,YellowCareBear
1282,1,Wolffychanfromwiki
1283,1,_CodyB
1284,1,armored-dinnerjacket
1285,1,NotEvenAMinuteMan
1286,1,lifteroomang
1287,1,ctrl-all-alts
1288,1,Precognitus
1289,1,radishlaw
1290,1,goldfish_memories
1291,2,toaster_hitman
1292,1,cyruschiu
1293,1,banniemd2b
1294,11,yc_hk
1295,1,weddle_seal
1296,7,HKnational
1297,1,yc_hk
1298,4,HKnational
1299,127,HKnational
1300,1,kowloonjew
1301,1,ZeroFPS_hk
1302,1,banniemd2b
1303,1,isaacng1997
1304,1,NotEvenAMinuteMan
1305,1,toooutofplace
1306,1,yc_hk
1307,1,toooutofplace
1308,1,radishlaw
1309,1,ZeroFPS_hk
1310,1,asteriaf
1311,20,HKnational
1312,1,Charlie_Yu
1313,1,radishlaw
1314,478,vickiho
1315,1,Chubbypachyderm
1316,1,TCK1979
1317,1,kent6755
1318,1,PaddleMonkey
1319,1,stray_kitteh
1320,-1
1321,1,RocketBoost
1322,1,PhyNxFyre
1323,1,carpiediem
1324,1,Niveko2k
1325,1,lifteroomang
1326,1,lifteroomang
1327,1,Niveko2k
1328,1,ChinChinApostle
1329,1,ChinChinApostle
1330,-1
1331,-1
1332,1,yichee
1333,1,carpiediem
1334,1,someshadyemu
1335,1,lifteroomang
1336,-1
1337,-1
1338,1,papabear_kr
1339,-1
1340,-1
1341,1,oneLp
1342,1,Nippelz
1343,1,dfnsvguy
1344,1,dfnsvguy
1345,-1
1346,1,missygermaine
1347,-1
1348,1,missygermaine
1349,-1
1350,1,Rolanto
1351,0,dinnjenn
1352,1,filmschoolwannabe
1353,1,dinnjenn
1354,7,HKnational
1355,1,adz4309
1356,1,bwaic
1357,1,lifteroomang
1358,1,adz4309
1359,26,WeeklyIntroduction42
1360,1,non_ducor_duco
1361,1,augustuscaesars
1362,13,derryainsworth
1363,1,MikeVanGerwen
1364,1,muckturtle
1365,4,minegroasprilla
1366,1,EchoDogma
1367,7,mod83
1368,17,Chiuy
1369,1,yertass
1370,1,Chubbypachyderm
1371,1,TheBeardofGilgamesh
1372,1,odaiwai
1373,1,sampunk
1374,1,Chiuy
1375,1,yertass
1376,1,chromiselda
1377,19,Guader
1378,1,rentonwong
1379,1,bwaic
1380,18,PooLessSherlock
1381,1,sampunk
1382,1,dx-dt-
1383,1,banniemd2b
1384,1,crochettankenfaus
1385,1,TruckerHatsAreCool
1386,1,sampunk
1387,1,TruckerHatsAreCool
1388,1,jesselikesboys
1389,1,aidanaraki
1390,1,Yiksta
1391,0,johnnyng171
1392,1,[deleted]
1393,1,manucaps
1394,1,[deleted]
1395,1,manucaps
1396,1,chairmanwumao
1397,1,manucaps
1398,1,johnnyng171
1399,1,johnnyng171
1400,1,DasLin9
1401,0,DasLin9
1402,1,[deleted]
1403,1,HTL12
1404,1,KoyaBot
1405,1,WesW3sYall
1406,1,WesW3sYall
1407,1,LawGee
1408,1,deccanblues
1409,1,muckturtle
1410,1,BrawlProdigy
1411,1,_CodyB
1412,1,LawGee
1413,1,Kowloon72
1414,1,jhwyung
1415,1,LawGee
1416,0,vampvixen1999
1417,1,iamgarron
1418,1,forabettersimonday
1419,1,shmabo
1420,5,HKnational
1421,1,banniemd2b
1422,1,Mokasss
1423,1,sampunk
1424,1,IosueYu
1425,1,sinespe2000
1426,1,butAblip
1427,1,hiredantispammer
1428,1,hiredantispammer
1429,1,sampunk
1430,1,hkzombie
1431,0,PooLessSherlock
1432,1,WeeklyIntroduction42
1433,1,cyruschiu
1434,1,Xelium23
1435,1,8thDegreeSavage
1436,1,Sir_Encerwal
1437,1,loadofthewing
1438,1,sampunk
1439,1,anne-so
1440,1,WikiTextBot
1441,1,sampunk
1442,1,anne-so
1443,1,dfnsvguy
1444,1,Sir_Encerwal
1445,1,radishlaw
1446,1,adz4309
1447,1,toooutofplace
1448,1,Going5Hole
1449,1,jasoncgc
1450,1,PooLessSherlock
1451,1,Xelium23
1452,1,PiranahaFighter
1453,1,yc_hk
1454,1,carpiediem
1455,-1
1456,1,Natan358
1457,1,lifteroomang
1458,-1
1459,82,5dorralovelongtime
1460,1,EstiPienaar
1461,1,Kirklai
1462,1,vahetatoian
1463,1,bcccl
1464,1,5dorralovelongtime
1465,1,cactus33
1466,1,EstiPienaar
1467,1,Love_me_some_Brie
1468,0,imustbethece
1469,1,Chris_in_Lijiang
1470,1,prock0790
1471,0,RocketBoost
1472,1,MacaronOwl
1473,5,HKVOAAP
1474,167,Precognitus
1475,1,burntfirex
1476,1,on99er
1477,1,leungclj
1478,1,[deleted]
1479,1,Murdock07
1480,1,gowithflow192
1481,1,karlpiranha
1482,1,spykidwkc
1483,1,Precognitus
1484,1,Murdock07
1485,1,win_squared
1486,1,pukkateaspill
1487,1,VG-enigmaticsoul
1488,1,win_squared
1489,1,Precognitus
1490,1,RedoftheEast
1491,1,RedoftheEast
1492,1,yozoraf
1493,1,meloncreamsodachips
1494,1,melonheads5
1495,3,yc_hk
1496,1,yc_hk
1497,5,cute_tomato
1498,1,SirKelvinTan
1499,1,sonastyinc
1500,1,inhodel
1501,1,epicspy3
1502,1,weddle_seal
1503,1,Chubbypachyderm
1504,1,Neat_Onion
1505,1,Poison_Penis
1506,1,yc_hk
1507,1,kharnevil
1508,1,inhodel
1509,1,inhodel
1510,1,kharnevil
1511,1,kharnevil
1512,1,yc_hk
1513,1,Poison_Penis
1514,8,Poison_Penis
1515,1,nyn510
1516,1,nyn510
1517,1,2015071
1518,1,lijacq
1519,1,IosueYu
1520,1,epicspy3
1521,1,HKVOAAP
1522,1,On9On9Laowai
1523,1,handle12345
1524,-1
1525,1,Poison_Penis
1526,1,goldfish_memories
1527,1,nyn510
1528,1,Poison_Penis
1529,1,Poison_Penis
1530,1,Poison_Penis
1531,1,baspeysp
1532,1,handle12345
1533,1,Poison_Penis
1534,1,Poison_Penis
1535,1,handle12345
1536,1,Poison_Penis
1537,1,handle12345
1538,1,Poison_Penis
1539,1,handle12345
1540,1,Poison_Penis
1541,-1
1542,5,Haruto-Kaito
1543,1,WeeklyIntroduction42
1544,1,navarretedf
1545,1,koolman7
1546,1,grevenlau
1547,1,Bergman_Ingrid
1548,1,weddle_seal
1549,1,mrTang5544
1550,1,randoreds
1551,1,loadofthewing
1552,1,yc_hk
1553,1,[deleted]
1554,1,NotEvenAMinuteMan
1555,1,crochettankenfaus
1556,1,Haruto-Kaito
1557,1,goldfish_memories
1558,1,weddle_seal
1559,1,Dictator_XiJinPing
1560,1,Dictator_XiJinPing
1561,1,tphan
1562,1,tengma8
1563,1,EggzzD
1564,1,VoliBeast
1565,1,wickedcricket666
1566,-1
1567,1,WOTNev
1568,1,SamBkamp
1569,-1
1570,5,HKnational
1571,14,HKnational
1572,1,KrimsonNives
1573,1,[deleted]
1574,20,Lokenzz
1575,1,Natan358
1576,1,goldfish_memories
1577,3,imustbethece
1578,1,sammyfield
1579,24,HKnational
1580,1,magnusjonsson
1581,1,toooutofplace
1582,1,nosepickered
1583,1,grevenlau
1584,1,Charlie_Yu
1585,1,AristideSaccard
1586,1,yc_hk
1587,15,HKnational
1588,452,MikeVanGerwen
1589,1,[deleted]
1590,1,Poseidon927
1591,1,lychenus
1592,1,elviswx
1593,1,ohkay27
1594,1,on99er
1595,1,MrMunday
1596,1,Ejbarzallo
1597,1,nyn510
1598,1,riajuung
1599,1,Keroro12
1600,1,gotopolice
1601,1,newlostworld
1602,1,marshaln
1603,1,Assasoryu
1604,1,baspeysp
1605,1,doodpood22
1606,1,drewastaken
1607,1,Logischel
1608,1,Logischel
1609,-1
1610,1,ohkay27
1611,1,drewastaken
1612,1,Dictator_XiJinPing
1613,1,Arcanaus
1614,1,drewastaken
1615,-1
1616,0,muckturtle
1617,1,bernieyee
1618,1,hinghenry
1619,1,IosueYu
1620,1,sonastyinc
1621,1,cutebunnybunny
1622,1,thepkboy
1623,1,ethenlau88
1624,1,PooLessSherlock
1625,1,PovertyRyanGosling
1626,1,muckturtle
1627,1,PooLessSherlock
1628,1,lifteroomang
1629,1,muckturtle
1630,1,ethenlau88
1631,1,muckturtle
1632,1,lifteroomang
1633,1,ethenlau88
1634,1,muckturtle
1635,0,Bottleneck_ram
1636,1,Poison_Penis
1637,1,HKGong
1638,1,IPromiseIWont
1639,1,ZeroFPS_hk
1640,1,[deleted]
1641,1,WatashiWaLDesu
1642,1,Bottleneck_ram
1643,1,Poison_Penis
1644,1,Bottleneck_ram
1645,1,goldfish_memories
1646,1,Bottleneck_ram
1647,1,Bottleneck_ram
1648,1,Bottleneck_ram
1649,1,Jakomako
1650,1,Bottleneck_ram
1651,1,IPromiseIWont
1652,1,Bottleneck_ram
1653,44,ICrackedANut
1654,1,appleberry_berry
1655,1,kharnevil
1656,1,adz4309
1657,1,Yiksta
1658,1,shengbei_shen
1659,1,KnowingRecipient
1660,1,yertass
1661,-1
1662,1,muckturtle
1663,1,KnowingRecipient
1664,1,KnowingRecipient
1665,1,muckturtle
1666,-1
1667,1,muckturtle
1668,-1
1669,1,chairmanwumao
1670,1,yertass
1671,1,chairmanwumao
1672,1,yertass
1673,-1
1674,1,chairmanwumao
1675,-1
1676,1,yertass
1677,1,KnowingRecipient
1678,1,yertass
1679,1,KnowingRecipient
1680,1,KnowingRecipient
1681,1,_mousy
1682,1,yertass
1683,1,yertass
1684,-1
1685,-1
1686,1,miklcct
1687,3,JinanReddit
1688,1,edgarleung13
1689,1,YellowCareBear
1690,1,ABitConflictOriented
1691,1,Phos_
1692,1,sampunk
1693,1,Denniscx98
1694,1,morgz15
1695,1,IosueYu
1696,1,wongytony
1697,1,sampunk
1698,4,EnazS
1699,0,waveash1008
1700,1,yertass
1701,1,yertass
1702,1,thepkboy
1703,1,[deleted]
1704,1,sneakpeekbot
1705,1,baspeysp
1706,1,jesselikesboys
1707,143,Haruto-Kaito
1708,1,busyman201
1709,1,Xelium23
1710,1,8thDegreeSavage
1711,1,Poseidon927
1712,1,IosueYu
1713,1,magnusjonsson
1714,1,Poseidon927
1715,1,Warlords0602
1716,1,DarthSunshine
1717,1,biggreencat
1718,1,enesci
1719,1,biggreencat
1720,1,Poseidon927
1721,1,chillerll
1722,-1
1723,1,Wildlife_Jack
1724,1,Xelium23
1725,1,8thDegreeSavage
1726,-1
1727,1,kharnevil
1728,-1
1729,1,work__reddit
1730,-1
1731,1,Xelium23
1732,1,Poseidon927
1733,1,biggreencat
1734,1,8thDegreeSavage
1735,-1
1736,1,azsedrftu
1737,-1
1738,1,lowkeyabedframe
1739,4,magnusjonsson
1740,1,nyn510
1741,1,isaacng1997
1742,1,magnusjonsson
1743,1,banniemd2b
1744,1,isaacng1997
1745,1,magnusjonsson
1746,1,magnusjonsson
1747,1,isaacng1997
1748,0,dempers
1749,1,RhombusCat
1750,1,dogchow01
1751,1,dempers
1752,1,Asiageek
1753,1,john_ftq
1754,1,dempers
1755,1,N0YC3
1756,25,HKnational
1757,1,weddle_seal
1758,1,euphraties247
1759,1,euphraties247
1760,1,magnusjonsson
1761,1,thumper99
1762,1,magnusjonsson
1763,1,toooutofplace
1764,1,kharnevil
1765,1,magnusjonsson
1766,1,euphraties247
1767,1,euphraties247
1768,199,Someone_5641
1769,1,Tantivy_Tantivy
1770,1,WeeklyIntroduction42
1771,1,randsome-gracie
1772,1,dfnsvguy
1773,1,WeeklyIntroduction42
1774,1,[deleted]
1775,1,markhenrysthong
1776,1,dr-howser
1777,1,dfnsvguy
1778,1,dfnsvguy
1779,1,dr-howser
1780,1,dfnsvguy
1781,1,dr-howser
1782,1,Hexagonian
1783,1,HKGong
1784,1,HKGong
1785,-1
1786,1,pikukprincess
1787,1,em_te
1788,-1
1789,1,sampunk
1790,1,do-epic-chic
1791,1,disrupti0n
1792,1,EAGuy8
1793,-1
1794,1,Aro1356
1795,1,jsmoove888
1796,1,Someone_5641
1797,-1
1798,-1
1799,1,daidaisiusiu
1800,7,toaster_hitman
1801,1,lifteroomang
1802,1,AbuHannah
1803,1,advancedangel
1804,1,VeXilliuM
1805,1,HKtechTony
1806,1,banniemd2b
1807,1,HKtechTony
1808,1,krezreal
1809,1,joax17
1810,1,[deleted]
1811,0,natalishka
1812,1,[deleted]
1813,1,VeXilliuM
1814,6,KoyaBot
1815,1,[deleted]
1816,1,[deleted]
1817,1,[deleted]
1818,1,[deleted]
1819,1,[deleted]
1820,1,[deleted]
1821,1,[deleted]
1822,1,BetterFred
1823,1,chesterdh
1824,1,TuckerMcInnes
1825,1,HKGong
1826,1,driwde
1827,1,johnniegreen
1828,1,spacecatbiscuits
1829,1,KoyaBot
1830,1,KoyaBot
1831,2,vancitylurker
1832,1,kateelync
1833,1,spacecatbiscuits
1834,1,kateelync
1835,1,someshadyemu
1836,1,HKGong
1837,1,someshadyemu
1838,1,someshadyemu
1839,1,kateelync
1840,1,HogiebearNZ
1841,0,armored-dinnerjacket
1842,1,Longsheep
1843,1,thepkboy
1844,1,driwde
1845,1,whateverhk
1846,1,bredizzy
1847,1,muckturtle
1848,1,armored-dinnerjacket
1849,1,bredizzy
1850,1,nyn510
1851,1,laxattacker
1852,1,armored-dinnerjacket
1853,1,TangerineNightmares
1854,1,TangerineNightmares
1855,1,armored-dinnerjacket
1856,1,armored-dinnerjacket
1857,35,joker_wcy
1858,1,SeidonSkylar
1859,1,thepkboy
1860,1,cartzca
1861,1,muckturtle
1862,1,practisevoodoo
1863,1,furbowski
1864,1,EstiPienaar
1865,1,kharnevil
1866,1,joker_wcy
1867,1,joker_wcy
1868,1,HIGHNRG00
1869,1,joker_wcy
1870,1,joker_wcy
1871,1,joker_wcy
1872,1,SeidonSkylar
1873,1,SeidonSkylar
1874,1,joker_wcy
1875,17,Sneakydud2
1876,1,chinkiang_vinegar
1877,1,Chromelium
1878,2,BeguiledBatarang
1879,1,virginspace
1880,1,HKTXbattles69
1881,1,spacecatbiscuits
1882,1,St0lz
1883,1,neandersthall
1884,1,Yiksta
1885,1,HKGong
1886,1,BeguiledBatarang
1887,1,BeguiledBatarang
1888,1,Yiksta
1889,1,BeguiledBatarang
1890,1,mitrang
1891,1,BeguiledBatarang
1892,1,YellowCareBear
1893,1,BeguiledBatarang
1894,1,Phos_
1895,1,YellowCareBear
1896,1,BeguiledBatarang
1897,1,BeguiledBatarang
1898,1,Pauljordan21
1899,1,RenegadeWild
1900,20,mod83
1901,22,kawaiixxx
1902,1,TuckerMcInnes
1903,1,pyrosas
1904,1,BiggyHuge
1905,1,Dee3y
1906,1,kawaiixxx
1907,1,deathjokerz
1908,1,Phos_
1909,1,kwuhkc
1910,1,TuckerMcInnes
1911,1,BatsKcab
1912,1,BatsKcab
1913,1,kawaiixxx
1914,3,KCDOUGLASS
1915,1,[deleted]
1916,4,dfnsvguy
1917,1,winterpolaris
1918,1,Nikkiestables
1919,1,Poison_Penis
1920,1,dfnsvguy
1921,1,dfnsvguy
1922,1,Nikkiestables
1923,1,dfnsvguy
1924,8,j00000000j
1925,1,Tenshia
1926,1,anne-so
1927,1,bcccl
1928,1,KnowingRecipient
1929,1,rainbow_skater
1930,97,manny930
1931,1,fefewhale
1932,1,changheuk
1933,1,giant_rat
1934,1,adz4309
1935,1,p_by_induction
1936,1,6eb0p
1937,1,manny930
1938,1,changheuk
1939,1,truwrxtacy
1940,1,Neat_Onion
1941,-1
1942,-1
1943,1,teabagsOnFire
1944,1,manny930
1945,1,[deleted]
1946,1,adz4309
1947,1,manny930
1948,1,adz4309
1949,1,manny930
1950,1,adz4309
1951,1,manny930
1952,1,adz4309
1953,1,manny930
1954,1,adz4309
1955,1,manny930
1956,1,adz4309
1957,1,manny930
1958,9,Ejbarzallo
1959,1,thepoincianatree
1960,1,Ejbarzallo
1961,1,katotaka
1962,1,Neat_Onion
1963,1,Logischel
1964,1,sampunk
1965,1,yangbanger
1966,1,ColtranezRain
1967,1,toolongdidntreadbro
1968,1,FriendArtiste_
1969,1,Whats_On_Tap
1970,1,banniemd2b
1971,1,IosueYu
1972,1,laxattacker
1973,1,Thistooshallpass0987
1974,1,muckturtle
1975,1,seetohey
1976,1,ColtranezRain
1977,1,papabear_kr
1978,1,Chiuy
1979,1,HeyItzZach
1980,1,FriendArtiste_
1981,1,ColtranezRain
1982,5,siegeplayer
1983,1,i3k
1984,1,awkward-bot
1985,1,i3k
1986,1,samlawix
1987,1,Poison_Penis
1988,1,siegeplayer
1989,1,awkward-bot
1990,1,Haruto-Kaito
1991,16,mod83
1992,1,Murdock07
1993,1,Guandao
1994,1,simian_ninja
1995,1,PiranahaFighter
1996,1,banniemd2b
1997,1,spiceweezel_BAM
1998,1,simian_ninja
1999,1,simian_ninja
2000,1,spiceweezel_BAM
2001,1,FriendArtiste_
2002,1,lowlight
2003,1,spacecatbiscuits
2004,1,banniemd2b
2005,1,lowlight
2006,1,[deleted]
2007,1,spacecatbiscuits
2008,1,FriendArtiste_
2009,1,spacecatbiscuits
2010,1,FriendArtiste_
2011,1,thumper99
2012,1,banniemd2b
2013,1,kartikeyekhanna30
2014,1,Trudahamzik
2015,99,dogchow01
2016,1,CAMZICAM
2017,1,Tylc
2018,1,[deleted]
2019,1,jasper512chan
2020,1,expressexpress
2021,1,redX009
2022,1,Midnightpurple1
2023,1,cellularcone
2024,1,seriouslookingmouse
2025,1,TuckerMcInnes
2026,1,Rath12
2027,1,whassupbun
2028,1,drewastaken
2029,1,ceowin
2030,1,Mattaru
2031,0,meticmusic
2032,1,anellkumarr
2033,1,gunbuster363
2034,1,gwei_mui
2035,1,banniemd2b
2036,1,gwei_mui
2037,1,gwei_mui
2038,1,Poison_Penis
2039,1,Poison_Penis
2040,1,gwei_mui
2041,1,Poison_Penis
2042,1,johnyin1234
2043,0,KoyaBot
2044,1,laxattacker
2045,1,hkzombie
2046,1,[deleted]
2047,1,manny930
2048,1,willcontributeaverse
2049,1,KoyaBot
2050,1,hkzombie
2051,1,sampunk
2052,1,KoyaBot
2053,1,shanghai_ren
2054,0,Bruhhh8888
2055,2,stuartruss
2056,1,chairmanwumao
2057,1,RedditNoob29
2058,1,weddle_seal
2059,1,[deleted]
2060,1,simian_ninja
2061,1,Poison_Penis
2062,1,HKGong
2063,1,stiofandebrun
2064,1,chromiselda
2065,1,marcuslmichael
2066,1,marcuslmichael
2067,1,simian_ninja
2068,1,WilliamBruceBailey
2069,1,HKGong
2070,1,marcuslmichael
2071,-1
2072,1,Kowloon72
2073,1,GlySHly
2074,1,explosivekyushu
2075,1,GlySHly
2076,1,thepkboy
2077,1,explosivekyushu
2078,-1
2079,-1
2080,1,papabear_kr
2081,1,stiofandebrun
2082,1,johnniegreen
2083,-1
2084,1,sjfcinematography
2085,1,VeXilliuM
2086,0,AIYABlog
2087,1,Inhongkongthrowaway
2088,1,[deleted]
2089,1,hktw_toppa
2090,1,HKnational
2091,7,HKnational
2092,1,banniemd2b
2093,1,banniemd2b
2094,1,Ofjax
2095,1,spiceweezel_BAM
2096,1,thepoincianatree
2097,1,spiceweezel_BAM
2098,1,Ofjax
2099,1,Ofjax
2100,1,Ofjax
2101,0,HKnational
2102,0,john110901
2103,1,goppox
2104,1,fatsteak
2105,1,eimajcwy
2106,1,Murdock07
2107,1,[deleted]
2108,1,four_dreams
2109,1,muckturtle
2110,1,muckturtle
2111,1,four_dreams
2112,1,andymcd_
2113,1,adz4309
2114,1,andymcd_
2115,1,banniemd2b
2116,1,HKVOAAP
2117,1,muckturtle
2118,1,andymcd_
2119,1,Haruto-Kaito
2120,1,goppox
2121,1,four_dreams
2122,1,muckturtle
2123,1,goppox
2124,1,goppox
2125,105,Lokenzz
2126,1,[deleted]
2127,1,redbull666
2128,1,MrWumao
2129,1,[deleted]
2130,1,trianuddah
2131,1,grampabutterball
2132,1,HKGong
2133,1,HKGong
2134,1,grampabutterball
2135,1,trianuddah
2136,1,richteralan
2137,1,incarnatethegreat
2138,-1
2139,1,x3pd4
2140,1,richteralan
2141,1,sampunk
2142,1,anne-so
2143,1,grampabutterball
2144,-1
2145,1,NotEvenAMinuteMan
2146,-1
2147,1,Dalianon
2148,1,Dictator_XiJinPing
2149,1,spacecatbiscuits
2150,1,thepkboy
2151,1,jlamamama
2152,1,Krak2511
2153,-1
2154,-1
2155,-1
2156,1,incarnatethegreat
2157,20,derryainsworth
2158,1,spikebtsa
2159,183,sampunk
2160,1,meeraganesan
2161,1,omnijim
2162,1,sunnyday74
2163,1,miaomiaoexpress
2164,1,RidingSubaru
2165,1,muckturtle
2166,1,Erniedabernie
2167,1,captwaffles27
2168,1,Longsheep
2169,1,ContradictoryCat
2170,1,sunnyday74
2171,1,ginhikari
2172,0,cicer1
2173,1,Asiageek
2174,1,gunbuster363
2175,1,Valyris
2176,1,Diu_Lei_Lo_Mo
2177,1,cliff_of_dover_white
2178,1,HKGong
2179,1,Diu_Lei_Lo_Mo
2180,1,cliff_of_dover_white
2181,1,cicer1
2182,1,cicer1
2183,3,Nutzzer
2184,1,[deleted]
2185,1,sonastyinc
2186,1,banniemd2b
2187,1,ButtLusting
2188,1,sonastyinc
2189,1,Nutzzer
2190,24,theonlyonelefthere
2191,1,ashelo
2192,1,gaatzaat
2193,1,not-a-post-hehe
2194,1,thatsitreddit
2195,1,CAF00187
2196,1,n8tex
2197,1,theonlyonelefthere
2198,1,ijmacd
2199,1,theonlyonelefthere
2200,1,Redacto
2201,5,Fluorite_
2202,1,articulatesnail
2203,1,kin4tic
2204,1,millyko
2205,1,rikotacards
2206,1,cousofp2
2207,1,HKGong
2208,1,Fluorite_
2209,1,articulatesnail
2210,1,manny930
2211,1,rikotacards
2212,1,cousofp2
2213,0,rliu35
2214,1,Scindite
2215,1,rliu35
2216,1,sampunk
2217,1,enricom
2218,1,shawntsi
2219,1,carpiediem
2220,1,carpiediem
2221,1,Scindite
2222,1,explosivekyushu
2223,1,sampunk
2224,1,rliu35
2225,1,KnowingRecipient
2226,0,rhinoculars
2227,1,explosivekyushu
2228,1,Gnant
2229,1,Scindite
2230,1,banniemd2b
2231,1,xyri
2232,1,rhinoculars
2233,1,Scindite
2234,1,banniemd2b
2235,0,Sam-Howes
2236,1,spicednut
2237,1,lovepussyandstuff
2238,1,Thistooshallpass0987
2239,1,adz4309
2240,1,manny930
2241,1,Sam-Howes
2242,1,ordinaryprudentman
2243,1,HKGong
2244,1,Sam-Howes
2245,1,Poison_Penis
2246,1,manny930
2247,1,Sam-Howes
2248,1,lifteroomang
2249,1,adz4309
2250,1,banniemd2b
2251,1,Sam-Howes
2252,281,derryainsworth
2253,1,[deleted]
2254,1,dirtypinktrends
2255,1,DKorrosiv
2256,1,Kosouvais
2257,1,zerosumgamez
2258,1,evetssm
2259,1,louiej77
2260,1,mrbandahl
2261,1,[deleted]
2262,1,JonathanJK
2263,1,Ejbarzallo
2264,1,Tsukiyon
2265,1,gwei_mui
2266,1,outabsentia
2267,1,meeraganesan
2268,1,Skylarks_uso
2269,1,leercmreddit
2270,1,cactus33
2271,1,outabsentia
2272,1,michael0926
2273,1,michael0926
2274,1,ijmacd
2275,1,ic0n0clast_
2276,1,weeabootears
2277,1,derryainsworth
2278,3,HKnational
2279,1,marketahead
2280,1,wildgoosesc
2281,1,gunterbox
2282,1,dmada88
2283,1,sampunk
2284,1,sonoskietto
2285,1,abyss725
2286,1,thepkboy
2287,0,BeyrouthLego
2288,6,nuttygrrl12
2289,1,sonastyinc
2290,0,NickGBreeze
2291,1,bithcballs
2292,1,Thistooshallpass0987
2293,1,Thistooshallpass0987
2294,1,Thistooshallpass0987
2295,1,HTL12
2296,1,NickGBreeze
2297,0,spamderman
2298,1,SailorPuffles
2299,1,Poison_Penis
2300,1,Cannalyzer
2301,1,hkzombie
2302,1,Poison_Penis
2303,1,Poison_Penis
2304,1,hkzombie
2305,1,Poison_Penis
2306,1,hkzombie
2307,1,Poison_Penis
2308,1,hkzombie
2309,1,MMDT
2310,1,alen1986
2311,1,yghysn
2312,0,VanirWT
2313,1,jesselikesboys
2314,1,bimlable
2315,1,mangaforall
2316,1,thepkboy
2317,27,mod83
2318,1,banniemd2b
2319,1,deezee72
2320,1,yc_hk
2321,1,deezee72
2322,1,HKVOAAP
2323,1,johnniegreen
2324,1,HKVOAAP
2325,1,HKVOAAP
2326,1,euphraties247
2327,0,alwaysseethee
2328,1,MicahZirkelbach
2329,1,Jixxoo
2330,151,Haruto-Kaito
2331,1,oliver_reade
2332,1,dalremnei
2333,1,EnclavedMicrostate
2334,1,radishlaw
2335,1,loadofthewing
2336,-1
2337,1,Chris_in_Lijiang
2338,1,loadofthewing
2339,-1
2340,1,Chris_in_Lijiang
2341,1,loadofthewing
2342,1,radishlaw
2343,-1
2344,-1
2345,1,radishlaw
2346,1,thumper99
2347,1,loadofthewing
2348,1,ColtranezRain
2349,1,Logischel
2350,1,Logischel
2351,1,ColtranezRain
2352,1,Logischel
2353,1,ColtranezRain
2354,1,Logischel
2355,1,NotEvenAMinuteMan
2356,1,ColtranezRain
2357,-1
2358,1,NotEvenAMinuteMan
2359,-1
2360,1,ColtranezRain
2361,1,IosueYu
2362,0,muckturtle
2363,1,captainbubby
2364,1,matthewhang
2365,1,HKGong
2366,1,thepkboy
2367,1,manny930
2368,1,sampunk
2369,1,lifteroomang
2370,1,matthewhang
2371,1,lifteroomang
2372,1,lifteroomang
2373,1,matthewhang
2374,1,lifteroomang
2375,1,matthewhang
2376,1,lifteroomang
2377,1,matthewhang
2378,1,lifteroomang
2379,1,matthewhang
2380,1,weddle_seal
2381,1,matthewhang
2382,1,HKGong
2383,1,matthewhang
2384,1,HKGong
2385,1,john_ftq
2386,1,director__denial
2387,1,john_ftq
2388,-1
2389,2,OppositeBeing
2390,1,RedemptionSaysNo
2391,1,sonastyinc
2392,1,OppositeBeing
2393,1,chairmanwumao
2394,1,ceowin
2395,1,nothilvien
2396,1,Phos_
2397,1,thepkboy
2398,1,chairmanwumao
2399,1,OppositeBeing
2400,1,BiggyHuge
2401,1,chairmanwumao
2402,1,explosivekyushu
2403,1,OppositeBeing
2404,1,thepkboy
2405,0,94340634
2406,1,bernieyee
2407,223,GrooveCity
2408,1,spiceweezel_BAM
2409,1,pm-me-x
2410,1,nikmaxott
2411,1,NeyesGeye
2412,1,DerekMCW
2413,1,acero1988
2414,1,razzlepop15
2415,1,brian8158571
2416,1,lifteroomang
2417,1,GrooveCity
2418,1,Cheekunn
2419,1,GrooveCity
2420,1,GrooveCity
2421,1,ctrl-all-alts
2422,1,acero1988
2423,0,imustbethece
2424,1,Poison_Penis
2425,1,robvnet
2426,1,toooutofplace
2427,1,robvnet
2428,2,sjfcinematography
2429,1,malak_oz
2430,24,globalchain
2431,1,on99er
2432,1,AintNoUniqueUsername
2433,1,gunbuster363
2434,1,bithcballs
2435,1,flxbrown
2436,1,weddle_seal
2437,1,Koverp
2438,1,NinjaMarcus
2439,1,Koverp
2440,1,Koverp
2441,1,baspeysp
2442,1,thepkboy
2443,1,Koverp
2444,1,thepkboy
2445,4,Pun1sher-
2446,1,kylehernandezuth702
2447,7,derryainsworth
2448,1,[deleted]
2449,1,TangerineNightmares
2450,1,cousofp2
2451,1,ceowin
2452,1,Lokenzz
2453,1,xtine08
2454,1,Boscowong0625
2455,1,ylimexyz
2456,1,ylimexyz
2457,1,YellowCareBear
2458,1,ginesaisquoi
2459,0,geraldkingyu
2460,1,loadofthewing
2461,1,Fugu
2462,1,thepkboy
2463,1,pigsonthewingz
2464,3,throwawaylife224
2465,1,lawpetex
2466,1,bimlable
2467,1,[deleted]
2468,1,weddle_seal
2469,1,sonastyinc
2470,1,throwawaylife224
2471,1,weddle_seal
2472,1,throwawaylife224
2473,1,throwawaylife224
2474,1,throwawaylife224
2475,1,[deleted]
2476,1,MarijuanaBagels
2477,2,HKnational
2478,1,toooutofplace
2479,12,HKnational
2480,1,bwaic
2481,1,adrianfnav
2482,1,HKnational
2483,2,HKnational
2484,2,yoshie83
2485,1,Valyris
2486,1,[deleted]
2487,1,chairmanwumao
2488,1,Cannalyzer
2489,1,thepkboy
2490,1,Blarod
2491,1,yoshie83
2492,1,ZeroFPS_hk
2493,1,ChickenWaffle2
2494,1,Poison_Penis
2495,1,Poison_Penis
2496,1,Poison_Penis
2497,1,yoshie83
2498,1,plentie29
2499,1,BananaStandnd
2500,1,yoshie83
2501,1,ZeroFPS_hk
2502,1,Attila_22
2503,1,yoshie83
2504,1,yoshie83
2505,1,ChickenWaffle2
2506,1,ZeroFPS_hk
2507,1,yghysn
2508,8,HKnational
2509,0,Wolffychanfromwiki
2510,1,IosueYu
2511,1,Wolffychanfromwiki
2512,15,HKnational
2513,1,banniemd2b
2514,6,LittleNinja888
2515,1,bimlable
2516,1,LittleNinja888
2517,1,LittleNinja888
2518,1,JigglyMelons
2519,251,toughgetsgoing
2520,1,driwde
2521,1,imhk86
2522,1,jonnyhk77
2523,1,bithcballs
2524,1,stsao1234
2525,1,gwei_mui
2526,1,cryssmerc
2527,1,toughgetsgoing
2528,1,oliver_reade
2529,1,Thew1515
2530,1,dream996
2531,1,jxzsteiner
2532,1,cryssmerc
2533,1,Thew1515
2534,1,toughgetsgoing
2535,1,marshaln
2536,1,zwieterin
2537,1,toughgetsgoing
2538,1,toughgetsgoing
2539,1,cryssmerc
2540,1,PunnyHunnie
2541,0,imustbethece
2542,0,imustbethece
2543,1,[deleted]
2544,0,imustbethece
2545,2,suu_zeus29
2546,1,wind-echoes
2547,1,[deleted]
2548,2,StrawberryMarble
2549,1,thepkboy
2550,1,SamBkamp
2551,1,ohgbliet
2552,1,hkexpaters
2553,9,WristbandMcguire
2554,1,JasonYoungblood
2555,0,PooLessSherlock
2556,1,[deleted]
2557,1,Chuday
2558,1,adz4309
2559,1,sampunk
2560,1,adz4309
2561,1,muubi
2562,1,loadofthewing
2563,1,adz4309
2564,1,explosivekyushu
2565,1,Koverp
2566,0,Happanstance
2567,1,[deleted]
2568,1,lurkingonly101
2569,0,XMRLivesMatter
2570,1,banniemd2b
2571,1,sonastyinc
2572,1,XMRLivesMatter
2573,1,bwaic
2574,0,HKnational
2575,1,banniemd2b
2576,1,matthewhang
2577,1,adz4309
2578,1,adz4309
2579,1,HKGong
2580,1,HKGong
2581,1,HKGong
2582,1,HKGong
2583,-1
2584,1,HKGong
2585,1,adz4309
2586,1,HKnational
2587,1,lifteroomang
2588,1,adz4309
2589,1,HKGong
2590,1,adz4309
2591,1,HKGong
2592,1,adz4309
2593,1,HKGong
2594,1,adz4309
2595,1,HKGong
2596,1,adz4309
2597,1,loadofthewing
2598,1,adz4309
2599,1,HKGong
2600,-1
2601,-1
2602,-1
2603,1,lifteroomang
2604,199,Briganne
2605,1,Midnightpurple1
2606,1,fmlwhateven
2607,1,MrWumao
2608,1,meeraganesan
2609,1,nuttygrrl12
2610,1,petesmc
2611,1,seriouslookingmouse
2612,1,radishlaw
2613,1,IosueYu
2614,1,Miyauchi-Renge
2615,1,Briganne
2616,1,NotEvenAMinuteMan
2617,1,[deleted]
2618,1,thumper99
2619,1,weddle_seal
2620,1,blahdiddyblahblog
2621,1,[deleted]
2622,1,thepkboy
2623,1,HKGong
2624,1,oliver_reade
2625,1,Gnant
2626,1,Briganne
2627,1,97330339
2628,7,IPman0128
2629,263,outdatedopinion
2630,1,zero2hero2017
2631,1,GunterLord2
2632,1,cupiddelocke-
2633,1,driwde
2634,1,K-man2999
2635,1,oliver_reade
2636,1,mukiwa_szkbu
2637,1,CandbotYT
2638,1,pnsurekha
2639,1,Vegasus88
2640,1,chairmanwumao
2641,1,sonastyinc
2642,1,adz4309
2643,1,tomyang1117
2644,1,K-man2999
2645,-1
2646,1,zero2hero2017
2647,1,Poison_Penis
2648,1,Vegasus88
2649,1,pactum
2650,1,sonastyinc
2651,1,Poison_Penis
2652,1,AngryBitterCynical
2653,1,AngryBitterCynical
2654,1,Poison_Penis
2655,1,AngryBitterCynical
2656,-1
2657,3,digicrafts
2658,1,oliver_reade
2659,1,digicrafts
2660,1,explosivekyushu
2661,0,shoutopia
2662,1,Briganne
2663,1,Briganne
2664,1,Briganne
2665,1,Briganne
2666,1,Briganne
2667,1,Briganne
2668,4,Gekkou-GA
2669,1,Tenshia
2670,1,Machopsdontcry
2671,1,Charizardmain
2672,1,TRoastedPotato
2673,1,Gekkou-GA
2674,1,Gekkou-GA
2675,1,Gekkou-GA
2676,1,TRoastedPotato
2677,16,HKnational
2678,1,Briganne
2679,1,doitpow
2680,8,HKnational
2681,1,TangerineNightmares
2682,1,banniemd2b
2683,1,ravenquothe
2684,2,Yumchaguy
2685,1,Okuri_Eri_Jime
2686,1,SuperstarTinsanity
2687,1,vermilions
2688,1,[deleted]
2689,1,AintNoUniqueUsername
2690,1,Yumchaguy
2691,1,SuperstarTinsanity
2692,1,Yumchaguy
2693,1,AintNoUniqueUsername
2694,1,Yumchaguy
2695,1,Yumchaguy
2696,261,articulatesnail
2697,1,BeefyIrishman
2698,1,sjfcinematography
2699,1,dabigguyinhk
2700,1,cheezburgapocalypse
2701,1,Xelium23
2702,0,wildeddy
2703,1,chairmanwumao
2704,1,spiceweezel_BAM
2705,1,HKGong
2706,1,KnowingRecipient
2707,1,ZeroFPS_hk
2708,1,wildeddy
2709,1,ZeroFPS_hk
2710,23,tomtau
2711,1,HapaKappa
2712,1,SeriousStyle
2713,1,chairmanwumao
2714,1,driwde
2715,1,Nikkiestables
2716,1,muckturtle
2717,1,goppox
2718,1,goppox
2719,1,goppox
2720,1,NotEvenAMinuteMan
2721,1,BoobsDream
2722,1,driwde
2723,1,driwde
2724,-1
2725,1,driwde
2726,1,Koverp
2727,1,HKGong
2728,1,BoobsDream
2729,1,Koverp
2730,1,Koverp
2731,-1
2732,1,Koverp
2733,-1
2734,1,muckturtle
2735,1,kin4tic
2736,1,NotEvenAMinuteMan
2737,-1
2738,-1
2739,1,NotEvenAMinuteMan
2740,-1
2741,1,miklcct
2742,1,leonlines
2743,1,HKtechTony
2744,1,colpnblow
2745,1,[deleted]
2746,1,leonlines
2747,0,Haruto-Kaito
2748,1,teslarat
2749,1,imustbethece
2750,294,zipdeedoodah
2751,1,PoliQuadsMagazine
2752,1,hassium0108
2753,1,ArdynIzuniaTrashGod
2754,1,[deleted]
2755,1,PmMeUrCreativity
2756,1,hammiesam
2757,1,goelsago
2758,1,235series
2759,1,goelsago
2760,1,hammiesam
2761,1,Koverp
2762,1,not-a-post-hehe
2763,-1
2764,1,pescobar89
2765,1,YellowCareBear
2766,1,pescobar89
2767,-1
2768,-1
2769,1,einsteinpan
2770,1,zipdeedoodah
2771,-1
2772,1,cream-of-cow
2773,-1
2774,1,dr-howser
2775,1,gowithflow192
2776,1,PmMeUrCreativity
2777,-1
2778,1,mgobill
2779,-1
2780,-1
2781,1,Yiksta
2782,-1
2783,1,diablofreak
2784,1,euphraties247
2785,80,nuttygrrl12
2786,1,[deleted]
2787,1,Sir_Encerwal
2788,1,grampabutterball
2789,1,pescobar89
2790,1,bcccl
2791,1,IsTheOrderARetard
2792,1,gaatzaat
2793,1,anne-so
2794,1,Kowloon72
2795,1,grampabutterball
2796,1,lowkeyabedframe
2797,1,aklbos
2798,1,Sir_Encerwal
2799,1,hk2019throwaway
2800,1,evan1g
2801,0,Remailder
2802,1,imustbethece
2803,1,imustbethece
2804,1,buffywan
2805,17,mod83
2806,1,sighs__unzips
2807,1,gowithflow192
2808,1,mod83
2809,1,heronumbertwo
2810,1,TangerineNightmares
2811,1,manny930
2812,1,heronumbertwo
2813,1,heronumbertwo
2814,3,pabeave
2815,1,Dictator_XiJinPing
2816,1,manny930
2817,1,chairmanwumao
2818,1,HKGong
2819,1,pabeave
2820,1,HKGong
2821,1,pabeave
2822,1,Hi_Im_Science
2823,14,HKnational
2824,1,Stratiformys
2825,1,NotEvenAMinuteMan
2826,1,not-a-post-hehe
2827,1,captwaffles27
2828,0,Ivanenko
2829,1,BrawlProdigy
2830,1,enricom
2831,1,chairmanwumao
2832,1,Ivanenko
2833,1,Ivanenko
2834,1,Ivanenko
2835,1,Ivanenko
2836,1,satellitevagabond
2837,1,Ivanenko
2838,1,Ivanenko
2839,1,handle12345
2840,1,Pumpkin-Bomb
2841,0,outdatedopinion
2842,1,toooutofplace
2843,1,izplus
2844,1,outdatedopinion
2845,1,HKnational
2846,3,HKnational
2847,1,matthewhang
2848,3,OneHunterPercent
2849,1,pelicane136
2850,1,pelicane136
2851,1,pelicane136
2852,1,pelicane136
2853,1,pelicane136
2854,1,pelicane136
2855,1,pelicane136
2856,1,pelicane136
2857,1,pelicane136
2858,1,carpiediem
2859,1,[deleted]
2860,1,OneHunterPercent
2861,1,pelicane136
2862,20,OId_monk
2863,1,matthewhang
2864,1,matthewhang
2865,1,matthewhang
2866,5,HKnational
2867,25,Demuremiss
2868,1,DigitalMystik
2869,1,homerino
2870,1,sampunk
2871,1,adz4309
2872,1,manny930
2873,1,HKGong
2874,1,HKGong
2875,1,HKGong
2876,1,TuckerMcInnes
2877,1,hkzombie
2878,1,Dictator_XiJinPing
2879,1,8thDegreeSavage
2880,1,adz4309
2881,1,HKnational
2882,2,HKnational
2883,2,vaee_e
2884,1,[deleted]
2885,1,chickenpanini
2886,1,manny930
2887,1,laxattacker
2888,1,HKtechTony
2889,1,fefewhale
2890,1,johnniegreen
2891,0,Crazycrazyworlditis
2892,1,laxattacker
2893,1,sampunk
2894,1,captwaffles27
2895,1,HapaKappa
2896,1,sonastyinc
2897,1,matthewhang
2898,1,matthewhang
2899,1,jartwobs
2900,1,Crazycrazyworlditis
2901,1,Crazycrazyworlditis
2902,1,jartwobs
2903,1,Crazycrazyworlditis
2904,1,matthewhang
2905,1,matthewhang
2906,1,matthewhang
2907,1,matthewhang
2908,1,matthewhang
2909,1,matthewhang
2910,1,ProfessionalDevice26
2911,1,baspeysp
2912,1,rohitgupta010
2913,0,yoshie83
2914,1,gremdaat
2915,1,jartwobs
2916,1,zelda2wasEasy
2917,1,yoshie83
2918,1,yoshie83
2919,1,zelda2wasEasy
2920,1,Poison_Penis
2921,1,Poison_Penis
2922,234,Vectorial1024
2923,1,gunbuster363
2924,1,trendy_traveler
2925,1,JonathanTsex
2926,1,NAI-ST-KAT-DOCK
2927,1,omnijim
2928,1,hobz462
2929,1,not-a-post-hehe
2930,1,posting_drunk_naked
2931,1,quasselkasten
2932,1,quasselkasten
2933,1,python_wrestler
2934,1,boostman
2935,1,boostman
2936,1,bobinhumanresources
2937,1,kharnevil
2938,1,Vectorial1024
2939,1,SuperSeagull01
2940,1,kharnevil
2941,0,litejzze
2942,1,Poison_Penis
2943,1,ko24be
2944,1,litejzze
2945,1,litejzze
2946,1,dawnkingg
2947,2,Ekmadison
2948,1,YellowCareBear
2949,1,HKGong
2950,1,thepkboy
2951,1,ZeroFPS_hk
2952,1,imustbethece
2953,1,sampunk
2954,1,SufficientBee
2955,1,jmo3792
2956,1,chickenpanini
2957,1,jesselikesboys
2958,1,loadofthewing
2959,1,loadofthewing
2960,1,loadofthewing
2961,1,loadofthewing
2962,1,loadofthewing
2963,1,twelve98
2964,1,Poison_Penis
2965,7,dropbearsunshine
2966,1,[deleted]
2967,1,AntiSharkSpray
2968,1,nopitynovp
2969,1,AsianInHK
2970,1,Poison_Penis
2971,1,Bananageddon
2972,1,Poison_Penis
2973,1,lifteroomang
2974,1,lifteroomang
2975,1,lifteroomang
2976,1,lifteroomang
2977,1,lifteroomang
2978,1,zelda2wasEasy
2979,1,Poison_Penis
2980,1,Poison_Penis
2981,1,chairmanwumao
2982,1,zelda2wasEasy
2983,1,zelda2wasEasy
2984,1,Poison_Penis
2985,1,zelda2wasEasy
2986,1,zelda2wasEasy
2987,1,Poison_Penis
2988,1,xmadfighterx
2989,1,zelda2wasEasy
2990,-1
2991,1,zelda2wasEasy
2992,2,svanevik
2993,1,Murdock07
2994,1,HKGong
2995,1,rh279
2996,1,ZeroFPS_hk
2997,1,XPGamingYT
2998,1,spikebtsa
2999,1,SinoHistory
3000,0,quadshock
3001,1,fridayjams
3002,25,MapleViolet
3003,1,Onelimwen
3004,1,Midnightpurple1
3005,1,hkrob
3006,1,hkrob
3007,1,hkrob
3008,1,thepkboy
3009,1,Ivana_needs_answer
3010,1,AS510
3011,1,thepkboy
3012,6,armored-dinnerjacket
3013,1,director__denial
3014,6,Haruto-Kaito
3015,1,jesselikesboys
3016,1,RhombusCat
3017,1,twelve98
3018,1,NotEvenAMinuteMan
3019,1,Haruto-Kaito
3020,1,lawpetex
3021,1,HKGong
3022,1,zelda2wasEasy
3023,2,thepkboy
3024,1,muckturtle
3025,1,CAF00187
3026,1,CAF00187
3027,1,CAF00187
3028,1,sampunk
3029,1,thepkboy
3030,1,thepkboy
3031,1,OnePhotog
3032,1,thepkboy
3033,0,NotEvenAMinuteMan
3034,1,jesselikesboys
3035,1,BigDrew923
3036,3,BigDrew923
3037,1,overachiever
3038,1,[deleted]
3039,1,BrawlProdigy
3040,1,On9On9Laowai
3041,1,IMakePuns000
3042,405,timeslider
3043,1,TheRepulsive
3044,1,einsteinpan
3045,1,contortionsinblue
3046,1,YellowCareBear
3047,1,thetimerepository
3048,1,timeslider
3049,1,timeslider
3050,1,timeslider
3051,1,Diu_Lei_Lo_Mo
3052,1,timeslider
3053,1,AaronRedwoods
3054,1,timeslider
3055,1,timeslider
3056,1,captwaffles27
3057,1,timeslider
3058,1,97330339
3059,0,Lantingdeet
3060,1,pactum
3061,1,jesselikesboys
3062,1,Eat_Around_the_Rosie
3063,1,bitchinabottle1
3064,1,TangerineNightmares
3065,1,dilladowg
3066,1,manleynotboyley
3067,1,joooh
3068,1,Vectorial1024
3069,1,Lokenzz
3070,1,On9On9Laowai
3071,1,YellowCareBear
3072,2,mod83
3073,1,potoot
3074,3,ColumbusMan92
3075,1,IPman0128
3076,1,coffeeplease-
3077,1,on99er
3078,1,dagober7
3079,1,thepkboy
3080,1,ColumbusMan92
3081,1,mill-wadee
3082,20,NotEvenAMinuteMan
3083,1,aaclavijo
3084,1,steak_tartare
3085,1,Dictator_XiJinPing
3086,1,HKnational
3087,1,matthewhang
3088,1,bitchinabottle1
3089,1,Luchioli
3090,7,PooLessSherlock
3091,1,bogzaelektrotehniku
3092,1,ZeroFPS_hk
3093,1,IosueYu
3094,1,sy2005
3095,1,8thDegreeSavage
3096,1,IosueYu
3097,2,how_long_is_a_userna
3098,1,crazytamilan
3099,3,BiggyHuge
3100,1,JerryA4
3101,1,KnowingRecipient
3102,1,FlyingFist_OnDemand
3103,1,[deleted]
3104,1,muckturtle
3105,1,Geffbluestar
3106,1,bithcballs
3107,1,Neat_Onion
3108,1,Neat_Onion
3109,1,takhtaband1
3110,11,hhhj037
3111,1,owla_alwo
3112,1,laxattacker
3113,1,laxattacker
3114,1,dookie6191
3115,1,Arrow222
3116,1,9g4bAi7Rqh
3117,1,BoobsDream
3118,1,hhhj037
3119,1,hhhj037
3120,1,yensteel
3121,1,laxattacker
3122,1,hhhj037
3123,1,KelvinTheGod
3124,1,BoobsDream
3125,1,hhhj037
3126,1,yensteel
3127,1,hhhj037
3128,1,HW90
3129,1,hhhj037
3130,-1
3131,-1
3132,1,hhhj037
3133,1,hhhj037
3134,1,hhhj037
3135,1,Koverp
3136,1,hhhj037
3137,-1
3138,1,Stratiformys
3139,-1
3140,1,PlanetThinker
3141,3,WashingtonStateRocks
3142,1,joker_wcy
3143,1,manucaps
3144,1,thepkboy
3145,1,MrWumao
3146,1,not-a-post-hehe
3147,1,buffywan
3148,1,sampunk
3149,1,WashingtonStateRocks
3150,1,sampunk
3151,1,On9On9Laowai
3152,1,hkzombie
3153,1,Stratiformys
3154,1,WashingtonStateRocks
3155,1,WashingtonStateRocks
3156,1,WashingtonStateRocks
3157,1,IosueYu
3158,1,ladwithahugenob
3159,48,outdatedopinion
3160,1,outdatedopinion
3161,3,andy97226
3162,0,Wheres-Teddy
3163,1,hinghenry
3164,1,Wheres-Teddy
3165,1,sampunk
3166,1,worldbar
3167,1,MYHKH
3168,1,breezs
3169,1,jesselikesboys
3170,1,Wheres-Teddy
3171,1,explosivekyushu
3172,1,Wheres-Teddy
3173,1,sampunk
3174,1,Wheres-Teddy
3175,1,twelve98
3176,14,hk_easty
3177,366,Varpal
3178,1,faikwansuen
3179,1,eatyourchildren
3180,1,Stratiformys
3181,1,johnniegreen
3182,1,limbuster
3183,1,Coolguysevensevensev
3184,1,jccwong
3185,1,Varpal
3186,1,spiceweezel_BAM
3187,1,Varpal
3188,1,Varpal
3189,1,aklbos
3190,1,faikwansuen
3191,1,Varpal
3192,1,ctrl-all-alts
3193,1,kura88
3194,1,CaptnPilot
3195,18,mod83
3196,1,yc_hk
3197,1,IosueYu
3198,1,muckturtle
3199,8,ophise
3200,1,achtbaan66
3201,1,achtbaan66
3202,1,chromiselda
3203,1,jesselikesboys
3204,1,Tshering007
3205,1,HKGong
3206,1,Koverp
3207,1,isaacng1997
3208,1,jesselikesboys
3209,1,isaacng1997
3210,1,WeeklyIntroduction42
3211,1,Koverp
3212,1,isaacng1997
3213,1,pigsonthewingz
3214,1,jesselikesboys
3215,1,WeeklyIntroduction42
3216,1,jesselikesboys
3217,1,WeeklyIntroduction42
3218,1,mangotrot
3219,1,SailorPuffles
3220,1,weeabootears
3221,1,sampunk
3222,1,AsianInHK
3223,1,muckturtle
3224,1,chromiselda
3225,1,mangotrot
3226,1,Koverp
3227,1,mangotrot
3228,5,Salvador_The_Stupid
3229,1,MrVithan
3230,1,dewigb
3231,5,99CruelTruths
3232,6,magnusjonsson
3233,1,tastyugly
3234,1,Papa_Schweppez
3235,8,-PLEASE-ELABORATE-
3236,1,Koverp
3237,1,IosueYu
3238,1,-PLEASE-ELABORATE-
3239,1,carpiediem
3240,1,IosueYu
3241,1,carpiediem
3242,1,-PLEASE-ELABORATE-
3243,1,IosueYu
3244,1,carpiediem
3245,13,fanyseyo
3246,1,[deleted]
3247,1,weddle_seal
3248,1,fanyseyo
3249,1,AryannaLao
3250,1,explosivekyushu
3251,286,bithcballs
3252,1,einsteinpan
3253,1,NoDogBlood
3254,1,TuckerMcInnes
3255,1,TCK1979
3256,1,colecr
3257,1,bign00dle
3258,1,pnsurekha
3259,1,Logischel
3260,1,driwde
3261,1,On9On9Laowai
3262,1,not-a-post-hehe
3263,1,iamgarron
3264,1,radishlaw
3265,-1
3266,1,shamshuipopo
3267,1,mystaka
3268,1,radishlaw
3269,1,iamgarron
3270,1,CheekiBreekiBlin
3271,1,TruckerHatsAreCool
3272,1,vincidahk
3273,-1
3274,1,Brereddit112
3275,1,MegaLemonCola
3276,1,dfnsvguy
3277,1,chillerll
3278,1,cactus33
3279,-1
3280,0,froglest
3281,1,IPman0128
3282,1,toooutofplace
3283,1,glkl1612
3284,1,wsthepurposeoflife
3285,1,Dalianon
3286,1,bitchinabottle1
3287,1,Koverp
3288,1,thepkboy
3289,1,CaptnPilot
3290,1,twinu89
3291,34,Gboard2
3292,1,Kowloon72
3293,1,banniemd2b
3294,1,natalishka
3295,1,muckturtle
3296,1,adz4309
3297,1,muckturtle
3298,1,ctrl-all-alts
3299,1,pactum
3300,1,8timowu
3301,1,Griffinspark
3302,1,IosueYu
3303,1,HKGong
3304,1,KnowingRecipient
3305,1,Koverp
3306,1,HKGong
3307,1,sampunk
3308,-1
3309,1,Ktjoonbug
3310,1,muckturtle
3311,1,muckturtle
3312,-1
3313,1,Koverp
3314,1,YellowCareBear
3315,1,YellowCareBear
3316,1,toooutofplace
3317,1,thepkboy
3318,-1
3319,1,toooutofplace
3320,5,NotEvenAMinuteMan
3321,1,matthewhang
3322,1,QINHAIJET
3323,1,NotEvenAMinuteMan
3324,1,Consistent_Size
3325,1,furywiind
3326,1,zegalkabin
3327,6,PooLessSherlock
3328,1,matthewhang
3329,1,simian_ninja
3330,1,toooutofplace
3331,1,loadofthewing
3332,1,PooLessSherlock
3333,0,muckturtle
3334,1,laxattacker
3335,1,BiggyHuge
3336,1,manny930
3337,1,HKGong
3338,1,sampunk
3339,1,kharnevil
3340,1,muckturtle
3341,1,BiggyHuge
3342,1,HKGong
3343,1,muckturtle
3344,1,YellowCareBear
3345,1,DaphosActually
3346,1,bogzaelektrotehniku
3347,3,Ktjoonbug
3348,1,pelicane136
3349,1,Chin0Flip
3350,1,adz4309
3351,1,CAF00187
3352,1,Poison_Penis
3353,1,weddle_seal
3354,-1
3355,1,AC2WAY
3356,1,manny930
3357,1,CAF00187
3358,1,adz4309
3359,-1
3360,1,spiceweezel_BAM
3361,1,adz4309
3362,1,On9On9Laowai
3363,1,Poison_Penis
3364,1,On9On9Laowai
3365,1,Poison_Penis
3366,1,ZeroFPS_hk
3367,1,manny930
3368,1,adz4309
3369,1,adz4309
3370,1,Tenshia
3371,-1
3372,1,Neat_Onion
3373,1,manny930
3374,1,ceowin
3375,-1
3376,1,rayner1
3377,-1
3378,0,omarej
3379,1,thepkboy
3380,1,HTL12
3381,1,HKGong
3382,1,omarej
3383,1,thepkboy
3384,1,thepkboy
3385,1,omarej
3386,9,HKnational
3387,1,magnusjonsson
3388,1,PooLessSherlock
3389,1,HKnational
3390,1,magnusjonsson
3391,0,Ender_Cups
3392,1,jsmoove888
3393,1,kharnevil
3394,1,HKtechTony
3395,1,cheaplad
3396,1,cheaplad
3397,8,AintNoUniqueUsername
3398,1,gowithflow192
3399,1,Phos_
3400,1,xithebun
3401,1,AintNoUniqueUsername
3402,1,kharnevil
3403,1,joker_wcy
3404,1,pactum
3405,1,AintNoUniqueUsername
3406,1,pactum
3407,1,pactum
3408,1,HKGong
3409,1,IosueYu
3410,1,lifteroomang
3411,0,Demuremiss
3412,1,missscottfraser
3413,1,[deleted]
3414,1,ameliexxsaturn
3415,1,yc_hk
3416,1,sonastyinc
3417,1,Demuremiss
3418,1,Demuremiss
3419,1,IosueYu
3420,36,mod83
3421,24,xithebun
3422,1,Valyris
3423,1,Okuri_Eri_Jime
3424,1,matthewhang
3425,1,matthewhang
3426,1,joker_wcy
3427,1,lifteroomang
3428,1,joker_wcy
3429,1,Poison_Penis
3430,-1
3431,1,scaur
3432,1,lifteroomang
3433,1,Poison_Penis
3434,1,Poison_Penis
3435,1,lifteroomang
3436,1,lifteroomang
3437,1,Poison_Penis
3438,-1
3439,1,Neat_Onion
3440,1,matthewhang
3441,1,Dee_Doo_Dow
3442,1,joker_wcy
3443,1,Poison_Penis
3444,1,xithebun
3445,-1
3446,1,Poison_Penis
3447,1,matthewhang
3448,1,sampunk
3449,-1
3450,1,Poison_Penis
3451,-1
3452,-1
3453,-1
3454,-1
3455,29,thepkboy
3456,1,HKGong
3457,159,mod83
3458,1,BrawlProdigy
3459,1,not-a-post-hehe
3460,1,Chris_in_Lijiang
3461,1,Feelsmetalachemist
3462,1,Chris_in_Lijiang
3463,1,Feelsmetalachemist
3464,-1
3465,1,PuffinTheMuffin
3466,1,jimbolic
3467,1,Strong__Belwas
3468,1,thepkboy
3469,1,hkzombie
3470,1,kharnevil
3471,1,Feelsmetalachemist
3472,1,HKGong
3473,-1
3474,1,Chris_in_Lijiang
3475,1,toddorwell
3476,1,not-a-post-hehe
3477,1,knigja
3478,1,thepkboy
3479,1,FUBARded
3480,1,thepkboy
3481,1,ceowin
3482,1,weddle_seal
3483,-1
3484,1,jimbolic
3485,-1
3486,1,knigja
3487,0,Lantingdeet
3488,1,CAF00187
3489,1,Lantingdeet
3490,1,CAF00187
3491,194,carpiediem
3492,1,Vampyricon
3493,1,sampunk
3494,1,boostman
3495,1,Crippling_DPRSN
3496,1,_CodyB
3497,1,calthegeek
3498,1,CharlamagneTheDog
3499,1,Gnant
3500,1,boostman
3501,1,LexPlex9000
3502,1,carpiediem
3503,1,Charlie_Yu
3504,1,Charlie_Yu
3505,1,hujaune
3506,1,Boscowong0625
3507,1,carpiediem
3508,1,carpiediem
3509,1,hujaune
3510,1,CharlamagneTheDog
3511,0,ACCA919
3512,1,chairmanwumao
3513,1,potoot
3514,1,HKGong
3515,1,mrbuttpork
3516,1,ACCA919
3517,1,explosivekyushu
3518,3,fefewhale
3519,1,BetterFred
3520,1,adz4309
3521,1,Poison_Penis
3522,1,BetterFred
3523,1,adz4309
3524,1,BetterFred
3525,1,adz4309
3526,1,adz4309
3527,1,BetterFred
3528,1,fefewhale
3529,1,adz4309
3530,1,Poison_Penis
3531,1,Poison_Penis
3532,1,adz4309
3533,1,adz4309
3534,1,Poison_Penis
3535,1,adz4309
3536,0,doodoouncle
3537,1,meowlien
3538,1,doodoouncle
3539,1,Poison_Penis
3540,1,Babychan9394
3541,1,doodoouncle
3542,1,meowlien
3543,1,jesselikesboys
3544,12,smell_the_rosies
3545,1,Tenshia
3546,1,vickiiiie
3547,1,smell_the_rosies
3548,1,FriendArtiste_
3549,1,FriendArtiste_
3550,1,smell_the_rosies
3551,1,FriendArtiste_
3552,1,smell_the_rosies
3553,1,FriendArtiste_
3554,1,smell_the_rosies
3555,1,FriendArtiste_
3556,-1
3557,1,Neat_Onion
3558,1,manny930
3559,-1
3560,1,banniemd2b
3561,1,spiceweezel_BAM
3562,1,manny930
3563,1,vickiiiie
3564,1,smell_the_rosies
3565,1,smell_the_rosies
3566,1,CAF00187
3567,1,manny930
3568,-1
3569,1,CAF00187
3570,1,smell_the_rosies
3571,1,manny930
3572,-1
3573,1,HKGong
3574,7,justvisiting1ne
3575,1,himbeerhk
3576,1,muckturtle
3577,1,joker_wcy
3578,32,magnusjonsson
3579,1,averagepanda051
3580,1,magnusjonsson
3581,1,loadofthewing
3582,1,manny930
3583,1,magnusjonsson
3584,0,8prediksitogel
3585,1,Clerem
3586,1,imustbethece
3587,0,agianttardigrade
3588,1,witchesguild
3589,1,muckturtle
3590,1,CanineGrool
3591,1,yensteel
3592,1,agianttardigrade
3593,1,agianttardigrade
3594,1,joker_wcy
3595,1,agianttardigrade
3596,1,kharnevil
3597,1,IosueYu
3598,1,agianttardigrade
3599,1,agianttardigrade
3600,1,IosueYu
3601,1,kharnevil
3602,1,kharnevil
3603,1,IosueYu
3604,1,agianttardigrade
3605,1,kharnevil
3606,1,agianttardigrade
3607,1,kharnevil
3608,1,agianttardigrade
3609,1,IosueYu
3610,1,kharnevil
3611,1,yensteel
3612,1,agianttardigrade
3613,-1
3614,-1
3615,1,imustbethece
3616,1,bby_redditor
3617,1,detective_egg
3618,174,thepkboy
3619,1,on99er
3620,1,Valyris
3621,1,MayAnneEgg
3622,1,stampyvanhalen
3623,1,stampyvanhalen
3624,1,MayAnneEgg
3625,1,stampyvanhalen
3626,1,MayAnneEgg
3627,1,MayAnneEgg
3628,1,stampyvanhalen
3629,1,Feelsmetalachemist
3630,1,stampyvanhalen
3631,1,stampyvanhalen
3632,-1
3633,1,stampyvanhalen
3634,-1
3635,-1
3636,1,stampyvanhalen
3637,-1
3638,1,stampyvanhalen
3639,-1
3640,-1
3641,1,HK_TRP
3642,1,[deleted]
3643,1,sjfcinematography
3644,1,T41k0_drums
3645,1,JD-4-Me
3646,1,isaacng1997
3647,1,Phos_
3648,-1
3649,1,sjfcinematography
3650,-1
3651,1,JD-4-Me
3652,-1
3653,2,NotPlutarch
3654,1,quickfold
3655,1,kharnevil
3656,1,NotPlutarch
3657,1,Antony_Aurelius
3658,1,Antony_Aurelius
3659,1,spacecatbiscuits
3660,1,odaiwai
3661,1,Valyris
3662,1,LadyCalamity
3663,1,quickfix12
3664,1,thepkboy
3665,1,HKGong
3666,1,banniemd2b
3667,1,hollandaisesawce
3668,1,_CodyB
3669,1,yghysn
3670,1,yghysn
3671,342,shokwaav
3672,1,maknum
3673,1,banniemd2b
3674,1,Ronnie_alderman
3675,1,skyechor
3676,1,BigheadedDread
3677,1,Daddysosa
3678,1,shokwaav
3679,1,shokwaav
3680,1,banniemd2b
3681,1,shokwaav
3682,1,sonoskietto
3683,1,vincidahk
3684,1,evan1g
3685,1,shokwaav
3686,1,sonoskietto
3687,1,thepkboy
3688,1,Maximio
3689,1,thepkboy
3690,1,shokwaav
3691,1,shokwaav
3692,1,outdatedopinion
3693,4,muckturtle
3694,1,matthewhang
3695,1,inhodel
3696,1,muckturtle
3697,1,NotEvenAMinuteMan
3698,1,thepkboy
3699,1,matthewhang
3700,1,ravenraven173
3701,21,Boscowong0625
3702,1,simian_ninja
3703,1,[deleted]
3704,1,Boscowong0625
3705,1,jimbo-slice93
3706,1,noshitlollol
3707,1,MrWumao
3708,1,[deleted]
3709,1,victortrash
3710,1,inhodel
3711,1,KaikoLeaflock
3712,1,TuckerMcInnes
3713,1,TuckerMcInnes
3714,1,KaikoLeaflock
3715,-1
3716,1,not-a-post-hehe
3717,-1
3718,1,chairmanwumao
3719,1,Boscowong0625
3720,1,sampunk
3721,-1
3722,1,SMG218
3723,1,wackoCamel
3724,1,SMG218
3725,1,not-a-post-hehe
3726,1,victortrash
3727,-1
3728,1,Minko_1027
3729,1,pactum
3730,1,Poison_Penis
3731,-1
3732,-1
3733,1,Stanislavyeungkl
3734,1,yghysn
3735,21,HKnational
3736,1,panlau
3737,1,HKnational
3738,1,panlau
3739,26,Koverp
3740,1,Murdock07
3741,1,NotEvenAMinuteMan
3742,1,Koverp
3743,1,radishlaw
3744,1,sparkingspirit
3745,1,BetterFred
3746,1,BetterFred
3747,2,Koverp
3748,1,Koverp
3749,1,Poison_Penis
3750,1,Koverp
3751,1,chairmanwumao
3752,1,xyri
3753,1,PaddleMonkey
3754,8,TuckerMcInnes
3755,1,matthewhang
3756,1,explosivekyushu
3757,1,Tenshia
3758,1,hellobutno
3759,1,inhodel
3760,1,all_way_stop
3761,1,Poison_Penis
3762,1,mutemantis
3763,1,hellobutno
3764,1,_CodyB
3765,1,HKGong
3766,1,Poison_Penis
3767,1,Poison_Penis
3768,1,HKGong
3769,1,Poison_Penis
3770,1,HKGong
3771,14,carole12345678910
3772,1,Mattaru
3773,1,i3k
3774,1,carole12345678910
3775,1,carpiediem
3776,1,WikiTextBot
3777,2,gvhome
3778,1,verychichi
3779,1,sparkingspirit
3780,1,pactum
3781,1,crestsands170829
3782,1,toastedsquirrel
3783,1,gunbuster363
3784,1,gvhome
3785,1,toastedsquirrel
3786,1,carpiediem
3787,1,gvhome
3788,1,gvhome
3789,1,mandallory
3790,122,HKnational
3791,1,Xelium23
3792,1,Logischel
3793,1,magnusjonsson
3794,1,MKGirl
3795,1,Xelium23
3796,1,adz4309
3797,1,magnusjonsson
3798,1,adz4309
3799,1,magnusjonsson
3800,-1
3801,1,[deleted]
3802,1,pigsonthewingz
3803,1,pigsonthewingz
3804,1,magnusjonsson
3805,1,magnusjonsson
3806,1,adz4309
3807,-1
3808,1,adz4309
3809,1,magnusjonsson
3810,1,adz4309
3811,1,magnusjonsson
3812,-1
3813,1,Dictator_XiJinPing
3814,1,adz4309
3815,1,adz4309
3816,1,Dictator_XiJinPing
3817,1,adz4309
3818,1,Dictator_XiJinPing
3819,-1
3820,1,NealLeonMoriarty
3821,1,edinburghreddit
3822,1,kharnevil
3823,1,achipinthesugar
3824,1,manucaps
3825,1,Phos_
3826,1,aloc12345
3827,1,NealLeonMoriarty
3828,1,Phos_
3829,1,thepkboy
3830,1,NealLeonMoriarty
3831,1,NealLeonMoriarty
3832,1,ZeroFPS_hk
3833,1,NealLeonMoriarty
3834,4,NotEvenAMinuteMan
3835,1,imustbethece
3836,1,Spaztic_monkey
3837,1,i3k
3838,1,cosimocub
3839,1,rubberducky_93
3840,1,Innpekkaburu
3841,1,x3pd4
3842,1,Gimdalf
3843,1,x3pd4
3844,5,SWEDISHMASTERRACE88
3845,1,BrawlProdigy
3846,1,loadofthewing
3847,1,yc_hk
3848,1,adz4309
3849,1,king_zacarias
3850,1,explosivekyushu
3851,1,Poison_Penis
3852,1,lifteroomang
3853,1,magnusjonsson
3854,1,adz4309
3855,1,explosivekyushu
3856,1,adz4309
3857,1,magnusjonsson
3858,1,adz4309
3859,1,muckturtle
3860,1,BrawlProdigy
3861,1,magnusjonsson
3862,1,twelve98
3863,1,wantstoknowyourstory
3864,1,loadofthewing
3865,1,muckturtle
3866,1,muckturtle
3867,1,BrawlProdigy
3868,1,lifteroomang
3869,1,lifteroomang
3870,1,sonastyinc
3871,1,sonastyinc
3872,354,MikeVanGerwen
3873,1,steev506
3874,1,Ejbarzallo
3875,1,petesmc
3876,1,ROCKISASELLOUT
3877,1,ko24be
3878,1,Kirklai
3879,1,Liongrass
3880,1,sjfcinematography
3881,1,explosivekyushu
3882,1,odaiwai
3883,1,pouillyroanne
3884,1,Massaha
3885,1,Yum-z
3886,1,ROCKISASELLOUT
3887,1,sjfcinematography
3888,1,cito-cy
3889,1,your_local_foreigner
3890,1,datBoi0815
3891,1,sjfcinematography
3892,1,RemindMeBot
3893,21,HKnational
3894,1,simian_ninja
3895,1,adz4309
3896,1,radishlaw
3897,1,chairmanwumao
3898,1,lifteroomang
3899,1,radishlaw
3900,1,HKnational
3901,1,HKnational
3902,1,lifteroomang
3903,1,HKnational
3904,6,HKnational
3905,20,HKnational
3906,1,Pdknp8_1
3907,1,grevenlau
3908,1,meractus
3909,1,dellarouche
3910,1,thepkboy
3911,0,marcuslmichael
3912,1,iamgarron
3913,1,gunbuster363
3914,1,HKGong
3915,1,thepkboy
3916,1,fat_stig
3917,1,HKGong
3918,1,HKGong
3919,8,derf574
3920,1,KnowingRecipient
3921,1,manny930
3922,1,derf574
3923,0,cacirelos
3924,1,8Toro8
3925,0,blackonblank
3926,1,muckturtle
3927,1,CAF00187
3928,1,KnowingRecipient
3929,1,waveash1008
3930,1,imustbethece
3931,4,bluebellbuns
3932,1,oliver_reade
3933,1,[deleted]
3934,1,hkerhwy
3935,1,ray-lee
3936,1,toooutofplace
3937,1,bluebellbuns
3938,1,bluebellbuns
3939,1,WaterstarRunner
3940,1,toooutofplace
3941,1,victortrash
3942,1,carpiediem
3943,5,Lantingdeet
3944,1,chairmanwumao
3945,1,xyri
3946,1,explosivekyushu
3947,1,bananahzard
3948,1,Lantingdeet
3949,1,TangerineNightmares
3950,1,Lantingdeet
3951,1,jingyan4
3952,0,alwaysseethee
3953,1,777theultra
3954,0,Sindu_Bharathi_Sindu
3955,14,LexPlex9000
3956,1,boostman
3957,1,isaacng1997
3958,1,carpiediem
3959,0,flying-avocado-toast
3960,1,X_hard_rocker
3961,1,yc_hk
3962,1,IosueYu
3963,1,muckturtle
3964,1,thepkboy
3965,1,simian_ninja
3966,1,flying-avocado-toast
3967,1,thepkboy
3968,1,thepkboy
3969,335,filmschoolwannabe
3970,1,spoopycheezy
3971,1,contortionsinblue
3972,1,grampabutterball
3973,1,williamhui
3974,1,Traffalgar
3975,1,fin_ss
3976,1,Midnightpurple1
3977,1,petesmc
3978,1,goldfish_memories
3979,1,anne-so
3980,1,filmschoolwannabe
3981,1,petesmc
3982,1,Obvious_wombat
3983,1,filmschoolwannabe
3984,1,goldfish_memories
3985,1,filmschoolwannabe
3986,1,twinu89
3987,1,yghysn
3988,1,xyri
3989,1,yghysn
3990,6,wantstoknowyourstory
3991,1,yghysn
3992,1,ariannachung
3993,1,explosivekyushu
3994,1,gwailo
3995,1,OneHunterPercent
3996,1,sampunk
3997,1,MYHKH
3998,1,ariannachung
3999,1,ab29
4000,1,ariannachung
4001,1,ariannachung
4002,1,ariannachung
4003,1,ariannachung
4004,1,chonglol
4005,24,chonglol
4006,1,phuafferfish
4007,1,jesselikesboys
4008,21,HKnational
4009,1,banniemd2b
4010,1,sonastyinc
4011,1,matthewhang
4012,1,lifteroomang
4013,1,Xelium23
4014,1,matthewhang
4015,0,N0YC3
4016,1,dr-howser
4017,1,johnniegreen
4018,1,laxattacker
4019,1,dr-howser
4020,1,N0YC3
4021,1,N0YC3
4022,1,N0YC3
4023,1,laxattacker
4024,1,laxattacker
4025,1,explosivekyushu
4026,1,laxattacker
4027,1,explosivekyushu
4028,1,N0YC3
4029,1,explosivekyushu
4030,0,Aceboyy
4031,8,n33bulz
4032,1,tkm7n
4033,1,gunbuster363
4034,1,Valyris
4035,1,explosivekyushu
4036,1,n33bulz
4037,1,Neat_Onion
4038,1,n33bulz
4039,1,n33bulz
4040,1,n33bulz
4041,1,Neat_Onion
4042,1,Neat_Onion
4043,1,Neat_Onion
4044,1,jd723446
4045,1,Xelium23
4046,1,Xelium23
4047,1,n33bulz
4048,1,Neat_Onion
4049,-1
4050,1,gunbuster363
4051,-1
4052,1,spicednut
4053,1,CAF00187
4054,-1
4055,1,n33bulz
4056,-1
4057,1,n33bulz
4058,1,CAF00187
4059,1,manny930
4060,1,manny930
4061,-1
4062,9,HKnational
4063,1,Xelium23
4064,1,matthewhang
4065,1,Eat_the_Path
4066,1,magnusjonsson
4067,1,loadofthewing
4068,0,roshanismybuddy
4069,1,ericlbc
4070,1,rhaub727
4071,1,FroggattEdge
4072,1,HC28
4073,1,Poison_Penis
4074,1,IMakePuns000
4075,0,Hwedt
4076,1,alwaysseethee
4077,1,helloabella
4078,1,EchoDogma
4079,1,[deleted]
4080,1,podgey88
4081,1,fat_stig
4082,1,EchoDogma
4083,1,jsmoove888
4084,1,jsmoove888
4085,1,hi-im-that-guy
4086,1,podgey88
4087,1,Gnant
4088,2,pelito
4089,1,twelve98
4090,1,pelito
4091,1,twelve98
4092,1,twelve98
4093,1,[deleted]
4094,1,pelito
4095,4,randomguy-4310
4096,1,SailorPuffles
4097,1,thepkboy
4098,1,CAF00187
4099,1,loadofthewing
4100,1,Poison_Penis
4101,1,randomguy-4310
4102,1,jesselikesboys
4103,1,jesselikesboys
4104,15,InternationalForm3
4105,1,OddEpisode
4106,1,[deleted]
4107,1,muckturtle
4108,1,sjfcinematography
4109,1,[deleted]
4110,0,Bcpjw
4111,1,weddle_seal
4112,1,ZeroFPS_hk
4113,1,thats_not_rite223
4114,1,IosueYu
4115,1,Bcpjw
4116,1,Bcpjw
4117,1,HongKongArken
4118,1,[deleted]
4119,6,Geffbluestar
4120,1,oliver_reade
4121,1,EstiPienaar
4122,1,NotWantedForAnything
4123,1,xithebun
4124,1,greenWeenieStrikes
4125,1,loadofthewing
4126,1,helloabella
4127,1,potoot
4128,1,Dictator_XiJinPing
4129,1,[deleted]
4130,1,SailorPuffles
4131,1,muckturtle
4132,1,nonrecyclableplastic
4133,1,yozoraf
4134,1,[deleted]
4135,3,witchesguild
4136,1,gunbuster363
4137,1,banniemd2b
4138,1,LexPlex9000
4139,68,072189
4140,1,072189
4141,1,Crippling_DPRSN
4142,1,teslarat
4143,1,phantomboogie
4144,1,IosueYu
4145,1,bronney
4146,-1
4147,1,072189
4148,-1
4149,1,072189
4150,1,Koverp
4151,1,radishlaw
4152,-1
4153,-1
4154,1,Postcode2096
4155,-1
4156,1,[deleted]
4157,-1
4158,1,[deleted]
4159,1,Logischel
4160,1,nyn510
4161,1,nyn510
4162,1,Logischel
4163,1,xithebun
4164,1,Logischel
4165,1,nyn510
4166,-1
4167,1,radishlaw
4168,-1
4169,-1
4170,1,magnusjonsson
4171,1,IosueYu
4172,1,magnusjonsson
4173,-1
4174,-1
4175,-1
4176,1,yourmumgay69
4177,1,evan1g
4178,1,yghysn
4179,0,normanthebread
4180,1,tamias401
4181,1,spicednut
4182,1,[deleted]
4183,1,hkzombie
4184,1,tinyau009
4185,1,normanthebread
4186,1,nornhk
4187,1,hkzombie
4188,1,doitpow
4189,1,LTsearring
4190,1,Krak2511
4191,1,bertulismusic
4192,113,HKnational
4193,1,Rexkinghon
4194,1,night-rogue
4195,1,Poison_Penis
4196,1,Poison_Penis
4197,1,night-rogue
4198,1,Poison_Penis
4199,1,blackstuds
4200,1,Poison_Penis
4201,1,night-rogue
4202,1,Poison_Penis
4203,-1
4204,-1
4205,1,matthewhang
4206,1,muckturtle
4207,1,xithebun
4208,-1
4209,1,blackstuds
4210,1,Vampyricon
4211,1,Poison_Penis
4212,1,Oshawott_12
4213,1,Oshawott_12
4214,1,Vampyricon
4215,-1
4216,1,to33er
4217,1,Vampyricon
4218,1,Oshawott_12
4219,1,Vampyricon
4220,1,Poison_Penis
4221,1,Vampyricon
4222,-1
4223,1,rayesho
4224,1,evan1g
4225,23,HKnational
4226,1,yufa43
4227,1,Xelium23
4228,1,xithebun
4229,1,Midnightpurple1
4230,97,FeroxDraken
4231,1,TheEngiGuy
4232,1,onetimesgoodone
4233,1,cellularcone
4234,1,GreatValueProducts
4235,1,jlemieux
4236,1,Larrea_tridentata
4237,1,RhombusCat
4238,1,isaacteo
4239,1,weddle_seal
4240,1,Pathanic
4241,1,emsharas
4242,1,FeroxDraken
4243,1,manny930
4244,1,On9On9Laowai
4245,1,jlemieux
4246,1,xxxsur
4247,1,FeroxDraken
4248,1,xxxsur
4249,1,RhombusCat
4250,1,shyouko
4251,1,tinyau009
4252,1,FeroxDraken
4253,1,Veldora
4254,1,hkzombie
4255,1,Throwaway754872
4256,237,MikeVanGerwen
4257,1,hi-im-that-guy
4258,1,noshitlollol
4259,1,UnicornGunk
4260,1,pobexd
4261,1,[deleted]
4262,1,thestimp
4263,1,An0ma7y
4264,1,hotbox32
4265,1,stupidmg
4266,1,miss_cheongfun
4267,1,Tooky17
4268,16,yc_hk
4269,1,magnusjonsson
4270,46,HKnational
4271,1,ilovevickyiii
4272,1,abc123tong
4273,1,dfnsvguy
4274,1,Yzori
4275,1,[deleted]
4276,1,CCH-Mike
4277,1,magnusjonsson
4278,1,yufa43
4279,1,Xelium23
4280,1,xithebun
4281,1,matthewhang
4282,1,alicia22202
4283,1,6405588
4284,1,ShootandChop
4285,0,BD399101
4286,1,On9On9Laowai
4287,1,chairmanwumao
4288,1,TrailOfDawn
4289,1,IosueYu
4290,1,Brknwtch
4291,1,flxbrown
4292,1,fefewhale
4293,1,dmada88
4294,1,HKGong
4295,1,On9On9Laowai
4296,1,eterrestrial32
4297,1,eterrestrial32
4298,1,explosivekyushu
4299,1,fefewhale
4300,1,fefewhale
4301,1,BD399101
4302,1,BD399101
4303,1,BD399101
4304,1,Liliankk
4305,1,imustbethece
4306,1,imustbethece
4307,1,Wiwiwiu
4308,32,tkloveclorox
4309,1,witchesguild
4310,4,tranceturismo
4311,1,omnijim
4312,1,batteksystem
4313,1,banniemd2b
4314,1,MapleSyrupThief
4315,1,Denniz_K
4316,1,explosivekyushu
4317,1,chairmanwumao
4318,1,dfnsvguy
4319,1,tamias401
4320,1,Gnant
4321,1,tamias401
4322,1,Neat_Onion
4323,1,meowmeow2025
4324,1,Neat_Onion
4325,1,thepkboy
4326,272,Poseidon927
4327,1,secretHK
4328,1,macheagle
4329,1,Murdock07
4330,1,WheresmyYacht
4331,1,labbelajban
4332,1,patger
4333,1,Tsukiyon
4334,1,anne-so
4335,1,rodyduterte
4336,1,strangeattractor0
4337,1,sonastyinc
4338,1,TotesMessenger
4339,-1
4340,1,Desikiki
4341,1,labbelajban
4342,-1
4343,1,IosueYu
4344,-1
4345,1,bumlove
4346,1,fraxbo
4347,1,TuckerMcInnes
4348,1,TuckerMcInnes
4349,1,fraxbo
4350,-1
4351,-1
4352,1,gowithflow192
4353,1,kura88
4354,-1
4355,1,kura88
4356,-1
4357,1,anne-so
4358,-1
4359,1,Jest0riz0r
4360,-1
4361,20,PooLessSherlock
4362,1,Basilone1917
4363,1,weddle_seal
4364,1,weddle_seal
4365,1,banniemd2b
4366,1,Viper2005
4367,1,[deleted]
4368,1,chairmanwumao
4369,1,loadofthewing
4370,1,T41k0_drums
4371,1,explosivekyushu
4372,1,Gnant
4373,1,pactum
4374,1,pigsonthewingz
4375,1,banniemd2b
4376,1,sampunk
4377,1,lifteroomang
4378,1,looking2latvia
4379,0,1832jsh
4380,1,Adventurous_Seaweed
4381,1,explosivekyushu
4382,1,Icecream00jelly
4383,1,1832jsh
4384,1,YellowCareBear
4385,1,YellowCareBear
4386,1,oliver_reade
4387,1,thepkboy
4388,1,explosivekyushu
4389,1,1832jsh
4390,1,yghysn
4391,112,j0kertrump
4392,1,weddle_seal
4393,1,Discuzting
4394,1,ragdoller2010
4395,1,Brlight17
4396,1,xqwdffgq
4397,1,[deleted]
4398,1,TClord
4399,1,IosueYu
4400,1,superexcuser
4401,1,primeisthenewblack
4402,1,Discuzting
4403,1,Nedla2000
4404,1,weddle_seal
4405,1,ConwayStewart
4406,1,MacaronOwl
4407,1,PiranahaFighter
4408,3,deardickson
4409,1,thepkboy
4410,1,deardickson
4411,1,deardickson
4412,1,yghysn
4413,3,cosimocub
4414,1,cosimocub
4415,1,cosimocub
4416,1,cosimocub
4417,1,edinburghreddit
4418,1,banniemd2b
4419,1,malak_oz
4420,1,malak_oz
4421,1,cosimocub
4422,1,cynical-at-best
4423,1,jesselikesboys
4424,1,banniemd2b
4425,1,banniemd2b
4426,1,jesselikesboys
4427,1,banniemd2b
4428,1,jesselikesboys
4429,1,On9On9Laowai
4430,1,jesselikesboys
4431,1,cosimocub
4432,1,SmokeyTheGear
4433,1,lifteroomang
4434,1,jesselikesboys
4435,1,cynical-at-best
4436,1,malak_oz
4437,1,cynical-at-best
4438,1,furbowski
4439,-1
4440,1,Briganne
4441,12,Briganne
4442,1,ZeroFPS_hk
4443,1,Briganne
4444,6,penguinpandapear
4445,1,simonthesimon
4446,1,banniemd2b
4447,1,xithebun
4448,1,amrstudy
4449,1,vickiiiie
4450,1,CAF00187
4451,1,TClord
4452,1,teafaring
4453,1,lifteroomang
4454,1,xithebun
4455,1,_mousy
4456,1,lifteroomang
4457,1,penguinpandapear
4458,1,_mousy
4459,1,harryhov
4460,1,_mousy
4461,1,penguinpandapear
4462,1,penguinpandapear
4463,1,penguinpandapear
4464,1,xithebun
4465,1,kimjordin420
4466,1,TripMonk3y
4467,1,Liliankk
4468,1,Wiwiwiu
4469,1,stiofandebrun
4470,1,oneLp
4471,1,Ronnie_alderman
4472,1,cellularcone
4473,1,meowmeow2025
4474,1,malak_oz
4475,1,sampunk
4476,1,loadofthewing
4477,1,CarlizzzZzzz
4478,1,gunbuster363
4479,1,tinyau009
4480,1,sampunk
4481,1,CarlizzzZzzz
4482,1,gunbuster363
4483,1,CarlizzzZzzz
4484,1,gunbuster363
4485,34,erichungus
4486,1,jonnyhk77
4487,1,troublemakerindahou
4488,1,[deleted]
4489,1,weddle_seal
4490,1,_lamchai_
4491,1,Wannago3322
4492,1,TheBeardofGilgamesh
4493,1,hkgsulphate
4494,1,jamiedrinkstea
4495,1,SamBkamp
4496,1,Iamonaboat98
4497,1,0IpercentHP
4498,1,pigsonthewingz
4499,1,kennethtcip
4500,1,erichungus
4501,1,erichungus
4502,1,thepkboy
4503,1,SamBkamp
4504,1,agentofsarcasm
4505,1,agentofsarcasm
4506,0,Liliankk
4507,0,kaifi123
4508,1,banniemd2b
4509,0,ReggieGunter
4510,1,YellowCareBear
4511,1,banniemd2b
4512,1,IosueYu
4513,1,HKGong
4514,1,IosueYu
4515,0,mangole77
4516,0,thegwailoushow
4517,1,weddle_seal
4518,1,On9On9Laowai
4519,1,thegwailoushow
4520,1,thegwailoushow
4521,2,Casyn
4522,1,tamias401
4523,1,Mr_GinAndTonic
4524,1,Casyn
4525,1,banniemd2b
4526,1,IosueYu
4527,319,HKnational
4528,1,Neat_Onion
4529,1,LapLeong
4530,-1
4531,1,flamespear
4532,1,pimpmastercd
4533,-1
4534,1,flamespear
4535,1,LapLeong
4536,1,Neat_Onion
4537,1,LapLeong
4538,1,matthewhang
4539,1,Neat_Onion
4540,1,On9On9Laowai
4541,-1
4542,1,zxhk
4543,1,Neat_Onion
4544,-1
4545,1,tikki_rox
4546,1,tikki_rox
4547,1,bwizzle91
4548,1,bwizzle91
4549,1,tikki_rox
4550,1,bwizzle91
4551,1,matthewhang
4552,-1
4553,1,Longsheep
4554,1,Neat_Onion
4555,1,Neat_Onion
4556,-1
4557,1,Neat_Onion
4558,-1
4559,-1
4560,1,Neat_Onion
4561,5,Midnightpurple1
4562,0,Happanstance
4563,1,pactum
4564,1,weddle_seal
4565,1,loadofthewing
4566,1,yoru824
4567,1,HKtechTony
4568,1,thepkboy
4569,1,elliotpines27
4570,2,snowblue83
4571,1,gfaraway
4572,1,fat_stig
4573,1,Phos_
4574,1,snowblue83
4575,1,Jumpy_Measurement
4576,0,the_becc
4577,1,sampunk
4578,1,the_becc
4579,1,alexyong342
4580,13,Koverp
4581,1,jesselikesboys
4582,1,Koverp
4583,1,bign00dle
4584,1,Koverp
4585,1,mod83
4586,1,Koverp
4587,1,[deleted]
4588,1,doitpow
4589,19,mou-ming
4590,1,the_lung_j
4591,1,joker_wcy
4592,1,michelbeazley
4593,1,mou-ming
4594,1,joker_wcy
4595,1,crochettankenfaus
4596,1,tomyang1117
4597,0,Alt-me-up-Scotty
4598,1,IPman0128
4599,1,lawrencekhoo
4600,107,lawrencekhoo
4601,1,Logischel
4602,1,tomacco_man
4603,1,non_ducor_duco
4604,1,fucking_troll
4605,1,blackjackbaba
4606,1,sunnyday74
4607,1,kang4president
4608,1,j4v0p4v0
4609,1,kura88
4610,1,C2daG
4611,1,cellularcone
4612,1,JuiceBusters
4613,1,Towerofshadow
4614,1,cestvagabond
4615,1,boostman
4616,1,banniemd2b
4617,1,Angryangmo
4618,1,shyouko
4619,1,kang4president
4620,1,radishlaw
4621,1,_-_happycamper_-_
4622,1,Brereddit112
4623,1,OLDIRONBALLS83
4624,-1
4625,-1
4626,1,Akeem_of_Zamunda
4627,-1
4628,1,sjfcinematography
4629,1,skinnypup
4630,90,OneHunterPercent
4631,1,Diu_Lei_Lo_Mo
4632,1,iamgarron
4633,1,RingStingRory
4634,1,odaiwai
4635,1,AtlanteanAstorian
4636,1,lumpyspacelady_
4637,0,Where2cop857
4638,8,samverbisky
4639,1,Quinnsizedbed
4640,1,anne-so
4641,1,_doctor_steve_brule
4642,1,samverbisky
4643,1,anne-so
4644,1,samverbisky
4645,0,ReginaldJohnston
4646,0,erichungus
4647,1,weddle_seal
4648,0,yojnenjoy
4649,1,IosueYu
4650,1,captwaffles27
4651,106,Kunphen
4652,1,cyruschiu
4653,-1
4654,1,toooutofplace
4655,1,simian_ninja
4656,1,karmadramadingdong
4657,1,simian_ninja
4658,1,yaotang
4659,1,simian_ninja
4660,1,yaotang
4661,-1
4662,-1
4663,-1
4664,1,banniemd2b
4665,1,IosueYu
4666,1,IosueYu
4667,1,banniemd2b
4668,1,IosueYu
4669,-1
4670,1,_doctor_steve_brule
4671,1,karmadramadingdong
4672,1,yaotang
4673,1,gingyeh
4674,1,gingyeh
4675,1,[deleted]
4676,1,karmadramadingdong
4677,1,gingyeh
4678,1,yaotang
4679,-1
4680,1,karmadramadingdong
4681,-1
4682,1,wengchunkn
4683,-1
4684,1,YoyoFool
4685,1,Cinderblockno
4686,0,adz4309
4687,1,5dorralovelongtime
4688,1,Neat_Onion
4689,1,manny930
4690,1,chautaisin
4691,1,5dorralovelongtime
4692,1,iamgarron
4693,1,iamgarron
4694,1,5dorralovelongtime
4695,-1
4696,-1
4697,1,5dorralovelongtime
4698,1,adz4309
4699,1,magnusjonsson
4700,1,magnusjonsson
4701,-1
4702,1,adz4309
4703,1,matthewhang
4704,1,matthewhang
4705,1,adz4309
4706,1,matthewhang
4707,1,adz4309
4708,1,adz4309
4709,1,NotEvenAMinuteMan
4710,1,NotEvenAMinuteMan
4711,-1
4712,1,matthewhang
4713,1,adz4309
4714,1,loadofthewing
4715,1,Longsheep
4716,-1
4717,-1
4718,1,imustbethece
4719,1,imustbethece
4720,1,imustbethece
4721,0,throwaway1452345
4722,1,secretHK
4723,1,spacecatbiscuits
4724,1,iamgarron
4725,1,knigja
4726,1,Brknwtch
4727,1,Birkenstockjumpsuit
4728,1,secretHK
4729,1,Birkenstockjumpsuit
4730,1,secretHK
4731,1,secretHK
4732,1,secretHK
4733,1,spacecatbiscuits
4734,1,Birkenstockjumpsuit
4735,1,spacecatbiscuits
4736,1,Birkenstockjumpsuit
4737,1,spacecatbiscuits
4738,1,jolt_cola
4739,1,iamgarron
4740,1,Whosane3k1
4741,1,reyoga
4742,1,banniemd2b
4743,1,hkzombie
4744,1,Brknwtch
4745,1,[deleted]
4746,0,aejix
4747,0,imustbethece
4748,1,Deimantasa
4749,0,imustbethece
4750,10,lexiuy
4751,1,xtirpation
4752,1,Brknwtch
4753,1,Tus65
4754,1,geologyisthygame
4755,1,knigja
4756,1,[deleted]
4757,1,IosueYu
4758,1,[deleted]
4759,1,lexiuy
4760,1,lexiuy
4761,1,HKnational
4762,1,yc_hk
4763,1,yc_hk
4764,1,magnusjonsson
4765,1,magnusjonsson
4766,2,zlordveritas
4767,1,zlordveritas
4768,1,pigsonthewingz
4769,1,SuperstarTinsanity
4770,1,sampunk
4771,1,nagnoib38
4772,1,Longsheep
4773,1,sampunk
4774,1,Longsheep
4775,1,radishlaw
4776,1,radishlaw
4777,1,Longsheep
4778,1,HKnational
4779,1,radishlaw
4780,1,lifteroomang
4781,1,dawnkingg
4782,1,juggalos1stxmas
4783,1,DShio
4784,1,EngagePlus
4785,14,noobjimnotroll
4786,1,sonastyinc
4787,1,Dotard007
4788,1,zohab123
4789,2,mookataking
4790,1,Cusee
4791,1,mookataking
4792,1,Cusee
4793,506,GrooveCity
4794,1,[deleted]
4795,1,crzypmpkn
4796,1,pbonramen
4797,1,lammatthew725
4798,1,KapoorsList
4799,1,morningdew20
4800,1,duked828
4801,1,O7GS
4802,1,wsthepurposeoflife
4803,1,firewood010
4804,1,firewood010
4805,1,wsthepurposeoflife
4806,-1
4807,1,GrooveCity
4808,1,JonathanJK
4809,-1
4810,1,wsthepurposeoflife
4811,1,GrooveCity
4812,1,Whosane3k1
4813,1,chipmates
4814,1,GrooveCity
4815,1,GrooveCity
4816,-1
4817,1,GrooveCity
4818,-1
4819,1,GrooveCity
4820,-1
4821,-1
4822,1,Theycallmejamsy
4823,1,shyouko
4824,-1
4825,1,firewood010
4826,39,ifcmassive
4827,1,calicosculpin
4828,1,PooLessSherlock
4829,1,IosueYu
4830,1,delay_nomore
4831,1,Clubjustin
4832,1,sampunk
4833,1,Koverp
4834,5,The1Silhouette
4835,0,HyrerPwnedYou
4836,1,malak_oz
4837,1,euphraties247
4838,1,malak_oz
4839,1,eterrestrial32
4840,1,HyrerPwnedYou
4841,1,HyrerPwnedYou
4842,1,hkzombie
4843,1,hkzombie
4844,1,HyrerPwnedYou
4845,0,mod83
4846,1,magnusjonsson
4847,0,Phantrum
4848,1,KrimsonNives
4849,1,sampunk
4850,1,malak_oz
4851,1,thepkboy
4852,1,Phantrum
4853,1,Phantrum
4854,1,malak_oz
4855,1,Phantrum
4856,1,Phantrum
4857,4,JunJKMAN
4858,1,18PTcom
4859,1,RurikJuttingSexpat
4860,1,yallsamesame
4861,1,loadofthewing
4862,1,magnusjonsson
4863,1,lifteroomang
4864,4,euphraties247
4865,1,weddle_seal
4866,1,loadofthewing
4867,1,BeyrouthLego
4868,0,imustbethece
4869,26,kawaiixxx
4870,1,UberFantastic
4871,1,oxythf
4872,1,_CodyB
4873,1,katotaka
4874,1,kawaiixxx
4875,-1
4876,1,pointofgravity
4877,-1
4878,1,bachabaziboy
4879,-1
4880,1,bachabaziboy
4881,1,SeeSeeMonkeyMee
4882,-1
4883,1,bachabaziboy
4884,-1
4885,1,bachabaziboy
4886,1,oxythf
4887,1,Notjimthetroll
4888,1,kawaiixxx
4889,1,SeeSeeMonkeyMee
4890,-1
4891,1,bringbackfireflypls
4892,1,Notjimthetroll
4893,1,oxythf
4894,1,oxythf
4895,1,noobjimnotroll
4896,1,noobjimnotroll
4897,1,kawaiixxx
4898,1,Pokemaster2187
4899,1,ImSoVeryDumb
4900,1,ImSoVeryDumb
4901,-1
4902,-1
4903,20,PooLessSherlock
4904,1,JonathanJK
4905,1,yc_hk
4906,1,richard_o_harambe
4907,1,Nippelz
4908,1,LapLeong
4909,1,thumper99
4910,1,thumper99
4911,1,thumper99
4912,4,magnusjonsson
4913,1,banniemd2b
4914,1,LapLeong
4915,1,magnusjonsson
4916,1,banniemd2b
4917,1,magnusjonsson
4918,1,apinkparkchorong
4919,0,magnusjonsson
4920,0,melodylwy
4921,1,[deleted]
4922,1,aajmaikarkeaaya
4923,1,me-i-am
4924,1,[deleted]
4925,1,chairmanwumao
4926,1,banniemd2b
4927,1,fat_stig
4928,1,Bapepsi
4929,1,thepkboy
4930,1,thepkboy
4931,1,banniemd2b
4932,1,banniemd2b
4933,1,thepkboy
4934,1,banniemd2b
4935,1,thepkboy
4936,1,FoodieNiners
4937,1,FoodieNiners
4938,1,FoodieNiners
4939,1,explosivekyushu
4940,1,sampunk
4941,1,FoodieNiners
4942,1,explosivekyushu
4943,1,lifteroomang
4944,1,sampunk
4945,1,yojnenjoy
4946,1,sonastyinc
4947,1,thepkboy
4948,1,crochettankenfaus
4949,1,thepkboy
4950,57,Hongkongjai
4951,1,[deleted]
4952,1,kavanaughstraw
4953,1,RurikJuttingSexpat
4954,1,thumper99
4955,1,[deleted]
4956,1,explosivekyushu
4957,1,rentonwong
4958,1,banniemd2b
4959,1,matthewhang
4960,1,Hongkongjai
4961,1,matthewhang
4962,1,Hongkongjai
4963,1,Hongkongjai
4964,1,Hongkongjai
4965,1,matthewhang
4966,1,Hongkongjai
4967,1,NotEvenAMinuteMan
4968,1,Hongkongjai
4969,1,RurikJuttingSexpat
4970,1,quickymgee
4971,1,banniemd2b
4972,1,wlekin
4973,1,Hongkongjai
4974,1,Hongkongjai
4975,1,magnusjonsson
4976,1,magnusjonsson
4977,5,magnusjonsson
4978,0,blakfrim
4979,1,[deleted]
4980,1,blakfrim
4981,7,magnusjonsson
4982,0,cheezburgapocalypse
4983,1,EngagePlus
4984,0,mythfocus
4985,1,sampunk
4986,1,mythfocus
4987,1,EngagePlus
4988,7,Dynamic-Overlord
4989,1,yc_hk
4990,1,Ronnie_alderman
4991,1,Dynamic-Overlord
4992,1,dmhama
4993,131,Dynamic-Overlord
4994,1,unfuckin_believable
4995,1,dave_van_damn
4996,1,GunterLord2
4997,1,DoubleDimension
4998,1,racsowong
4999,1,Dynamic-Overlord
5000,1,Dynamic-Overlord
5001,1,DoubleDimension
5002,1,[deleted]
5003,0,HKGong
5004,256,saruale
5005,0,chairmanwumao
5006,1,mythfocus
5007,1,mythfocus
5008,0,startbystarting
5009,1,nootdude
5010,13,rentonwong
5011,25,CampoX69
5012,0,whambambam
5013,1,imustbethece
5014,6,kissiwarrior
5015,1,lighterthanbare
5016,7,toaster_hitman
5017,4,AsDfj891
5018,6,Deimantasa
5019,0,HewhohadtheOmnitrix
5020,1,SuscketBrick
5021,0,PMylon
5022,4,blakfrim
5023,0,danasaur-
5024,1,Caesium0810
5025,1,yghysn
5026,13,magnusjonsson
5027,0,go_fer_it_Rock
5028,144,SentryGoose
5029,43,dmhama
5030,0,Immybuoy
5031,1,greenspotorange
5032,1,acero1988
5033,1,lotteryfilm
5034,1,PooLessSherlock
5035,1,fakesunset
5036,1,Isaberrie
5037,20,NotEvenAMinuteMan
5038,4,eecchhooll
5039,79,Boscowong0625
5040,626,Boscowong0625
5041,16,CaptainHK
5042,22,natwww
5043,24,magnusjonsson
5044,29,Boscowong0625
5045,1,Z1R0U
5046,83,FK689
5047,5,HKnational
5048,35,HKnational
5049,2,JamesDunnHK
5050,0,stampyvanhalen
5051,3,mod83
5052,0,sharpexg
5053,0,rillaa-my-rilla
5054,1,dinghanz1
5055,19,HKnational
5056,234,derryainsworth
5057,1,dinghanz1
5058,4,janthefan
5059,8,toaster_hitman
5060,20,magnusjonsson
5061,1,EngagePlus
5062,557,nede_f
5063,1,Fivecon
5064,1,chairmanwumao
5065,1,yghysn
5066,1,ShootandChop
5067,1,yghysn
5068,4,catieeye
5069,11,hondanlee
5070,5,katy8heep
5071,13,HK__independence
5072,0,katy8heep
5073,12,toaster_hitman
5074,0,HKnational
5075,4,radishlaw
5076,24,HKnational
5077,1,ArtificialReddit
5078,3,PooLessSherlock
5079,9,HKnational
5080,6,chillxdd
5081,108,CAD007
5082,1,4archives
5083,9,Haruto-Kaito
5084,216,toaster_hitman
5085,5,toaster_hitman
5086,0,vosanity
5087,1,tamias401
5088,1,potoot
5089,1,astronights
5090,1,tinyau009
5091,1,tinyau009
5092,1,vosanity
5093,1,tinyau009
